mission_id,scheduled_launch_utc,prediction_time_utc,launch_pad,vehicle,forecast_wind_kmh,forecast_rain_pct,forecast_lightning_pct,forecast_cloud_pct,temperature_c,open_technical_items,actual_delay_minutes,scrubbed,delayed,outcome_recorded_utc
SIM-0001,2024-01-01 08:00:00+00:00,2024-01-01 07:00:00+00:00,Inland Pad,Aster-1,10.9,23.0,15.9,41.4,29.4,0,4.0,0,0,2024-01-01 14:00:00+00:00
SIM-0002,2024-01-01 16:00:00+00:00,2024-01-01 15:00:00+00:00,Coastal Pad,Aster-1,24.3,21.9,16.9,32.2,23.0,1,1.0,0,0,2024-01-01 22:00:00+00:00
SIM-0003,2024-01-02 00:00:00+00:00,2024-01-01 23:00:00+00:00,Coastal Pad,Aster-1,39.1,15.7,10.2,61.4,22.8,0,43.7,0,1,2024-01-02 06:00:00+00:00
SIM-0004,2024-01-02 08:00:00+00:00,2024-01-02 07:00:00+00:00,Inland Pad,Lyra-2,,5.7,18.4,47.3,26.7,1,0.0,0,0,2024-01-02 14:00:00+00:00
SIM-0005,2024-01-02 16:00:00+00:00,2024-01-02 15:00:00+00:00,Coastal Pad,Aster-1,30.9,23.8,0.0,0.0,34.0,0,0.0,0,0,2024-01-02 22:00:00+00:00
SIM-0006,2024-01-03 00:00:00+00:00,2024-01-02 23:00:00+00:00,Coastal Pad,Aster-1,28.8,52.2,14.6,51.2,23.7,0,11.0,0,0,2024-01-03 06:00:00+00:00
SIM-0007,2024-01-03 08:00:00+00:00,2024-01-03 07:00:00+00:00,Coastal Pad,Vela-3,38.2,23.0,0.0,19.7,16.3,2,15.0,0,0,2024-01-03 14:00:00+00:00
SIM-0008,2024-01-03 16:00:00+00:00,2024-01-03 15:00:00+00:00,Coastal Pad,Lyra-2,37.2,13.0,44.7,50.7,19.9,0,14.0,0,0,2024-01-03 22:00:00+00:00
SIM-0009,2024-01-04 00:00:00+00:00,2024-01-03 23:00:00+00:00,Inland Pad,Vela-3,26.7,23.4,0.0,36.1,26.9,0,8.0,0,0,2024-01-04 06:00:00+00:00
SIM-0010,2024-01-04 08:00:00+00:00,2024-01-04 07:00:00+00:00,Coastal Pad,Aster-1,31.3,35.2,2.9,46.8,16.1,4,27.1,0,1,2024-01-04 14:00:00+00:00
SIM-0011,2024-01-04 16:00:00+00:00,2024-01-04 15:00:00+00:00,Inland Pad,Aster-1,42.8,85.2,28.0,54.5,17.9,0,84.7,0,1,2024-01-04 22:00:00+00:00
SIM-0012,2024-01-05 00:00:00+00:00,2024-01-04 23:00:00+00:00,Inland Pad,Vela-3,22.0,26.9,29.4,,20.2,1,13.0,0,0,2024-01-05 06:00:00+00:00
SIM-0013,2024-01-05 08:00:00+00:00,2024-01-05 07:00:00+00:00,Inland Pad,Vela-3,37.3,,19.6,65.1,37.8,0,11.0,0,0,2024-01-05 14:00:00+00:00
SIM-0014,2024-01-05 16:00:00+00:00,2024-01-05 15:00:00+00:00,Inland Pad,Aster-1,42.6,38.2,12.7,76.2,30.5,1,46.5,0,1,2024-01-05 22:00:00+00:00
SIM-0015,2024-01-06 00:00:00+00:00,2024-01-05 23:00:00+00:00,Inland Pad,Aster-1,26.0,62.7,3.7,26.3,20.7,4,,1,1,2024-01-06 06:00:00+00:00
SIM-0016,2024-01-06 08:00:00+00:00,2024-01-06 07:00:00+00:00,Coastal Pad,Lyra-2,0.9,24.7,0.0,20.9,21.2,3,1.0,0,0,2024-01-06 14:00:00+00:00
SIM-0017,2024-01-06 16:00:00+00:00,2024-01-06 15:00:00+00:00,Inland Pad,Lyra-2,11.2,24.1,,16.0,18.9,3,44.8,0,1,2024-01-06 22:00:00+00:00
SIM-0018,2024-01-07 00:00:00+00:00,2024-01-06 23:00:00+00:00,Inland Pad,Vela-3,39.0,47.7,25.7,49.3,25.5,0,,1,1,2024-01-07 06:00:00+00:00
SIM-0019,2024-01-07 08:00:00+00:00,2024-01-07 07:00:00+00:00,Coastal Pad,Aster-1,22.7,34.9,39.9,66.3,24.9,1,8.0,0,0,2024-01-07 14:00:00+00:00
SIM-0020,2024-01-07 16:00:00+00:00,2024-01-07 15:00:00+00:00,Coastal Pad,Aster-1,39.3,34.6,26.8,62.4,16.9,0,6.0,0,0,2024-01-07 22:00:00+00:00
SIM-0021,2024-01-08 00:00:00+00:00,2024-01-07 23:00:00+00:00,Coastal Pad,Aster-1,14.9,,25.1,22.5,28.4,1,11.0,0,0,2024-01-08 06:00:00+00:00
SIM-0022,2024-01-08 08:00:00+00:00,2024-01-08 07:00:00+00:00,Inland Pad,Lyra-2,41.0,39.0,36.0,55.5,30.4,2,1.0,0,0,2024-01-08 14:00:00+00:00
SIM-0023,2024-01-08 16:00:00+00:00,2024-01-08 15:00:00+00:00,Inland Pad,Lyra-2,33.4,21.0,28.4,35.8,27.6,0,81.6,0,1,2024-01-08 22:00:00+00:00
SIM-0024,2024-01-09 00:00:00+00:00,2024-01-08 23:00:00+00:00,Inland Pad,Lyra-2,,7.1,6.8,14.3,27.1,0,0.0,0,0,2024-01-09 06:00:00+00:00
SIM-0025,2024-01-09 08:00:00+00:00,2024-01-09 07:00:00+00:00,Coastal Pad,Aster-1,,6.3,9.5,40.0,34.9,0,0.0,0,0,2024-01-09 14:00:00+00:00
SIM-0026,2024-01-09 16:00:00+00:00,2024-01-09 15:00:00+00:00,Inland Pad,Vela-3,36.9,42.1,20.7,62.9,26.5,2,2.0,0,0,2024-01-09 22:00:00+00:00
SIM-0027,2024-01-10 00:00:00+00:00,2024-01-09 23:00:00+00:00,Inland Pad,Vela-3,9.8,9.8,15.0,44.6,28.2,0,12.0,0,0,2024-01-10 06:00:00+00:00
SIM-0028,2024-01-10 08:00:00+00:00,2024-01-10 07:00:00+00:00,Inland Pad,Vela-3,37.2,59.1,39.5,77.2,28.6,0,,1,1,2024-01-10 14:00:00+00:00
SIM-0029,2024-01-10 16:00:00+00:00,2024-01-10 15:00:00+00:00,Coastal Pad,Vela-3,36.6,49.8,29.2,83.6,15.6,1,41.7,0,1,2024-01-10 22:00:00+00:00
SIM-0030,2024-01-11 00:00:00+00:00,2024-01-10 23:00:00+00:00,Inland Pad,Vela-3,48.2,18.7,28.8,60.2,34.4,2,,1,1,2024-01-11 06:00:00+00:00
SIM-0031,2024-01-11 08:00:00+00:00,2024-01-11 07:00:00+00:00,Inland Pad,Aster-1,9.2,65.7,26.9,51.0,25.2,0,12.0,0,0,2024-01-11 14:00:00+00:00
SIM-0032,2024-01-11 16:00:00+00:00,2024-01-11 15:00:00+00:00,Inland Pad,Vela-3,34.9,40.8,29.5,71.6,24.0,0,61.1,0,1,2024-01-11 22:00:00+00:00
SIM-0033,2024-01-12 00:00:00+00:00,2024-01-11 23:00:00+00:00,Inland Pad,Lyra-2,25.6,61.0,29.7,49.2,28.3,1,102.9,0,1,2024-01-12 06:00:00+00:00
SIM-0034,2024-01-12 08:00:00+00:00,2024-01-12 07:00:00+00:00,Coastal Pad,Lyra-2,38.9,30.0,18.9,12.3,19.2,2,34.8,0,1,2024-01-12 14:00:00+00:00
SIM-0035,2024-01-12 16:00:00+00:00,2024-01-12 15:00:00+00:00,Coastal Pad,Aster-1,47.6,42.8,40.7,30.5,19.7,0,50.7,0,1,2024-01-12 22:00:00+00:00
SIM-0036,2024-01-13 00:00:00+00:00,2024-01-12 23:00:00+00:00,Coastal Pad,Lyra-2,17.2,30.8,2.6,45.6,27.8,0,5.0,0,0,2024-01-13 06:00:00+00:00
SIM-0037,2024-01-13 08:00:00+00:00,2024-01-13 07:00:00+00:00,Coastal Pad,Lyra-2,51.5,37.4,29.7,63.4,28.2,1,60.8,0,1,2024-01-13 14:00:00+00:00
SIM-0038,2024-01-13 16:00:00+00:00,2024-01-13 15:00:00+00:00,Coastal Pad,Aster-1,26.3,22.0,11.1,49.6,18.0,2,15.0,0,0,2024-01-13 22:00:00+00:00
SIM-0039,2024-01-14 00:00:00+00:00,2024-01-13 23:00:00+00:00,Coastal Pad,Lyra-2,31.9,24.6,13.7,26.3,24.1,0,7.0,0,0,2024-01-14 06:00:00+00:00
SIM-0040,2024-01-14 08:00:00+00:00,2024-01-14 07:00:00+00:00,Coastal Pad,Aster-1,22.2,16.2,0.0,33.1,20.7,1,4.0,0,0,2024-01-14 14:00:00+00:00
SIM-0041,2024-01-14 16:00:00+00:00,2024-01-14 15:00:00+00:00,Inland Pad,Lyra-2,1.5,41.4,30.3,59.8,22.9,2,58.8,0,1,2024-01-14 22:00:00+00:00
SIM-0042,2024-01-15 00:00:00+00:00,2024-01-14 23:00:00+00:00,Inland Pad,Vela-3,27.2,75.8,,68.0,18.1,1,95.2,0,1,2024-01-15 06:00:00+00:00
SIM-0043,2024-01-15 08:00:00+00:00,2024-01-15 07:00:00+00:00,Coastal Pad,Vela-3,15.0,33.5,14.1,31.7,30.7,0,6.0,0,0,2024-01-15 14:00:00+00:00
SIM-0044,2024-01-15 16:00:00+00:00,2024-01-15 15:00:00+00:00,Coastal Pad,Aster-1,10.9,0.0,16.9,27.2,27.3,0,1.0,0,0,2024-01-15 22:00:00+00:00
SIM-0045,2024-01-16 00:00:00+00:00,2024-01-15 23:00:00+00:00,Coastal Pad,Lyra-2,50.6,62.3,52.6,46.2,,1,66.6,0,1,2024-01-16 06:00:00+00:00
SIM-0046,2024-01-16 08:00:00+00:00,2024-01-16 07:00:00+00:00,Inland Pad,Vela-3,41.2,31.0,40.3,48.5,27.9,0,25.4,0,1,2024-01-16 14:00:00+00:00
SIM-0047,2024-01-16 16:00:00+00:00,2024-01-16 15:00:00+00:00,Inland Pad,Vela-3,37.5,46.9,49.8,88.5,23.9,0,15.0,0,0,2024-01-16 22:00:00+00:00
SIM-0048,2024-01-17 00:00:00+00:00,2024-01-16 23:00:00+00:00,Coastal Pad,Aster-1,22.4,32.5,35.7,77.1,24.9,0,15.0,0,0,2024-01-17 06:00:00+00:00
SIM-0049,2024-01-17 08:00:00+00:00,2024-01-17 07:00:00+00:00,Coastal Pad,Aster-1,41.3,20.2,34.9,1.5,18.2,1,7.0,0,0,2024-01-17 14:00:00+00:00
SIM-0050,2024-01-17 16:00:00+00:00,2024-01-17 15:00:00+00:00,Coastal Pad,Aster-1,34.3,33.6,,51.1,18.7,0,,1,1,2024-01-17 22:00:00+00:00
SIM-0051,2024-01-18 00:00:00+00:00,2024-01-17 23:00:00+00:00,Inland Pad,Vela-3,28.1,41.2,,86.7,23.1,1,116.4,0,1,2024-01-18 06:00:00+00:00
SIM-0052,2024-01-18 08:00:00+00:00,2024-01-18 07:00:00+00:00,Coastal Pad,Aster-1,27.8,44.6,41.9,35.5,18.8,2,33.6,0,1,2024-01-18 14:00:00+00:00
SIM-0053,2024-01-18 16:00:00+00:00,2024-01-18 15:00:00+00:00,Coastal Pad,Lyra-2,30.7,9.7,0.0,35.3,23.6,1,9.0,0,0,2024-01-18 22:00:00+00:00
SIM-0054,2024-01-19 00:00:00+00:00,2024-01-18 23:00:00+00:00,Coastal Pad,Lyra-2,27.9,15.2,,63.2,29.2,0,1.0,0,0,2024-01-19 06:00:00+00:00
SIM-0055,2024-01-19 08:00:00+00:00,2024-01-19 07:00:00+00:00,Coastal Pad,Aster-1,32.5,37.3,33.0,77.8,28.7,0,9.0,0,0,2024-01-19 14:00:00+00:00
SIM-0056,2024-01-19 16:00:00+00:00,2024-01-19 15:00:00+00:00,Inland Pad,Aster-1,21.3,0.0,15.0,60.0,25.2,0,1.0,0,0,2024-01-19 22:00:00+00:00
SIM-0057,2024-01-20 00:00:00+00:00,2024-01-19 23:00:00+00:00,Coastal Pad,Lyra-2,40.0,15.0,,46.2,23.3,0,25.3,0,1,2024-01-20 06:00:00+00:00
SIM-0058,2024-01-20 08:00:00+00:00,2024-01-20 07:00:00+00:00,Coastal Pad,Lyra-2,38.0,26.0,14.2,44.4,14.9,0,3.0,0,0,2024-01-20 14:00:00+00:00
SIM-0059,2024-01-20 16:00:00+00:00,2024-01-20 15:00:00+00:00,Inland Pad,Aster-1,42.3,0.0,24.8,67.5,25.3,0,9.0,0,0,2024-01-20 22:00:00+00:00
SIM-0060,2024-01-21 00:00:00+00:00,2024-01-20 23:00:00+00:00,Coastal Pad,Vela-3,27.1,6.7,0.0,43.2,23.1,0,7.0,0,0,2024-01-21 06:00:00+00:00
SIM-0061,2024-01-21 08:00:00+00:00,2024-01-21 07:00:00+00:00,Inland Pad,Aster-1,,67.8,31.4,68.6,,0,62.5,0,1,2024-01-21 14:00:00+00:00
SIM-0062,2024-01-21 16:00:00+00:00,2024-01-21 15:00:00+00:00,Coastal Pad,Lyra-2,29.9,11.8,0.0,48.9,30.1,1,3.0,0,0,2024-01-21 22:00:00+00:00
SIM-0063,2024-01-22 00:00:00+00:00,2024-01-21 23:00:00+00:00,Inland Pad,Aster-1,9.7,60.1,0.0,,17.2,3,39.7,0,1,2024-01-22 06:00:00+00:00
SIM-0064,2024-01-22 08:00:00+00:00,2024-01-22 07:00:00+00:00,Inland Pad,Lyra-2,17.2,,0.0,,29.3,1,94.9,0,1,2024-01-22 14:00:00+00:00
SIM-0065,2024-01-22 16:00:00+00:00,2024-01-22 15:00:00+00:00,Inland Pad,Aster-1,41.3,47.8,21.5,69.2,19.0,2,,1,1,2024-01-22 22:00:00+00:00
SIM-0066,2024-01-23 00:00:00+00:00,2024-01-22 23:00:00+00:00,Inland Pad,Vela-3,47.5,40.5,29.7,59.2,16.7,0,46.9,0,1,2024-01-23 06:00:00+00:00
SIM-0067,2024-01-23 08:00:00+00:00,2024-01-23 07:00:00+00:00,Inland Pad,Aster-1,30.7,9.0,3.5,44.0,20.6,2,2.0,0,0,2024-01-23 14:00:00+00:00
SIM-0068,2024-01-23 16:00:00+00:00,2024-01-23 15:00:00+00:00,Inland Pad,Aster-1,37.0,68.1,38.8,87.4,17.0,0,59.6,0,1,2024-01-23 22:00:00+00:00
SIM-0069,2024-01-24 00:00:00+00:00,2024-01-23 23:00:00+00:00,Coastal Pad,Vela-3,30.5,55.9,30.4,73.9,24.3,1,,1,1,2024-01-24 06:00:00+00:00
SIM-0070,2024-01-24 08:00:00+00:00,2024-01-24 07:00:00+00:00,Coastal Pad,Lyra-2,40.1,63.0,31.9,79.9,34.5,1,41.3,0,1,2024-01-24 14:00:00+00:00
SIM-0071,2024-01-24 16:00:00+00:00,2024-01-24 15:00:00+00:00,Coastal Pad,Vela-3,37.4,46.5,39.5,68.0,34.2,0,1.0,0,0,2024-01-24 22:00:00+00:00
SIM-0072,2024-01-25 00:00:00+00:00,2024-01-24 23:00:00+00:00,Inland Pad,Vela-3,25.7,0.0,21.4,18.3,25.0,2,5.0,0,0,2024-01-25 06:00:00+00:00
SIM-0073,2024-01-25 08:00:00+00:00,2024-01-25 07:00:00+00:00,Inland Pad,Vela-3,15.9,35.6,,40.6,24.7,0,2.0,0,0,2024-01-25 14:00:00+00:00
SIM-0074,2024-01-25 16:00:00+00:00,2024-01-25 15:00:00+00:00,Inland Pad,Lyra-2,30.0,12.9,8.1,62.6,33.0,0,3.0,0,0,2024-01-25 22:00:00+00:00
SIM-0075,2024-01-26 00:00:00+00:00,2024-01-25 23:00:00+00:00,Inland Pad,Aster-1,14.1,67.6,13.1,56.6,30.4,0,5.0,0,0,2024-01-26 06:00:00+00:00
SIM-0076,2024-01-26 08:00:00+00:00,2024-01-26 07:00:00+00:00,Coastal Pad,Lyra-2,10.2,,35.4,36.2,21.3,0,3.0,0,0,2024-01-26 14:00:00+00:00
SIM-0077,2024-01-26 16:00:00+00:00,2024-01-26 15:00:00+00:00,Coastal Pad,Vela-3,47.3,32.7,39.1,59.5,28.3,0,,1,1,2024-01-26 22:00:00+00:00
SIM-0078,2024-01-27 00:00:00+00:00,2024-01-26 23:00:00+00:00,Inland Pad,Lyra-2,60.7,8.8,30.5,14.2,28.0,1,8.0,0,0,2024-01-27 06:00:00+00:00
SIM-0079,2024-01-27 08:00:00+00:00,2024-01-27 07:00:00+00:00,Coastal Pad,Lyra-2,32.2,17.0,14.9,24.4,32.8,1,100.8,0,1,2024-01-27 14:00:00+00:00
SIM-0080,2024-01-27 16:00:00+00:00,2024-01-27 15:00:00+00:00,Coastal Pad,Aster-1,34.9,38.2,15.6,,40.4,0,3.0,0,0,2024-01-27 22:00:00+00:00
SIM-0081,2024-01-28 00:00:00+00:00,2024-01-27 23:00:00+00:00,Coastal Pad,Lyra-2,47.3,25.7,24.0,65.3,25.1,2,,1,1,2024-01-28 06:00:00+00:00
SIM-0082,2024-01-28 08:00:00+00:00,2024-01-28 07:00:00+00:00,Inland Pad,Vela-3,,14.3,0.0,38.5,30.3,0,15.0,0,0,2024-01-28 14:00:00+00:00
SIM-0083,2024-01-28 16:00:00+00:00,2024-01-28 15:00:00+00:00,Coastal Pad,Vela-3,16.3,26.9,22.6,75.9,25.3,1,83.2,0,1,2024-01-28 22:00:00+00:00
SIM-0084,2024-01-29 00:00:00+00:00,2024-01-28 23:00:00+00:00,Coastal Pad,Vela-3,42.4,25.9,29.9,57.1,,1,86.9,0,1,2024-01-29 06:00:00+00:00
SIM-0085,2024-01-29 08:00:00+00:00,2024-01-29 07:00:00+00:00,Coastal Pad,Lyra-2,46.7,1.2,12.9,36.9,,1,10.0,0,0,2024-01-29 14:00:00+00:00
SIM-0086,2024-01-29 16:00:00+00:00,2024-01-29 15:00:00+00:00,Coastal Pad,Vela-3,39.4,9.0,6.3,50.4,23.7,1,112.7,0,1,2024-01-29 22:00:00+00:00
SIM-0087,2024-01-30 00:00:00+00:00,2024-01-29 23:00:00+00:00,Coastal Pad,Aster-1,33.5,49.4,35.8,58.8,27.7,0,37.9,0,1,2024-01-30 06:00:00+00:00
SIM-0088,2024-01-30 08:00:00+00:00,2024-01-30 07:00:00+00:00,Inland Pad,Lyra-2,55.4,66.2,34.6,68.9,18.9,0,51.6,0,1,2024-01-30 14:00:00+00:00
SIM-0089,2024-01-30 16:00:00+00:00,2024-01-30 15:00:00+00:00,Coastal Pad,Aster-1,24.0,0.0,21.1,35.6,28.4,2,3.0,0,0,2024-01-30 22:00:00+00:00
SIM-0090,2024-01-31 00:00:00+00:00,2024-01-30 23:00:00+00:00,Coastal Pad,Lyra-2,29.5,6.1,10.3,28.9,27.6,0,14.0,0,0,2024-01-31 06:00:00+00:00
SIM-0091,2024-01-31 08:00:00+00:00,2024-01-31 07:00:00+00:00,Inland Pad,Vela-3,20.8,33.5,13.1,60.1,24.7,2,103.0,0,1,2024-01-31 14:00:00+00:00
SIM-0092,2024-01-31 16:00:00+00:00,2024-01-31 15:00:00+00:00,Coastal Pad,Vela-3,21.3,49.8,,52.7,37.0,1,8.0,0,0,2024-01-31 22:00:00+00:00
SIM-0093,2024-02-01 00:00:00+00:00,2024-01-31 23:00:00+00:00,Coastal Pad,Lyra-2,28.2,34.4,39.3,27.3,31.8,2,118.0,0,1,2024-02-01 06:00:00+00:00
SIM-0094,2024-02-01 08:00:00+00:00,2024-02-01 07:00:00+00:00,Inland Pad,Vela-3,25.4,13.3,38.3,30.8,30.4,0,73.3,0,1,2024-02-01 14:00:00+00:00
SIM-0095,2024-02-01 16:00:00+00:00,2024-02-01 15:00:00+00:00,Inland Pad,Lyra-2,24.5,0.0,1.7,44.6,32.5,1,7.0,0,0,2024-02-01 22:00:00+00:00
SIM-0096,2024-02-02 00:00:00+00:00,2024-02-01 23:00:00+00:00,Coastal Pad,Vela-3,41.9,19.2,19.5,58.8,25.7,2,14.0,0,0,2024-02-02 06:00:00+00:00
SIM-0097,2024-02-02 08:00:00+00:00,2024-02-02 07:00:00+00:00,Coastal Pad,Aster-1,28.9,48.7,45.8,54.4,22.5,3,42.1,0,1,2024-02-02 14:00:00+00:00
SIM-0098,2024-02-02 16:00:00+00:00,2024-02-02 15:00:00+00:00,Inland Pad,Aster-1,44.9,21.8,8.7,33.9,28.6,1,0.0,0,0,2024-02-02 22:00:00+00:00
SIM-0099,2024-02-03 00:00:00+00:00,2024-02-02 23:00:00+00:00,Inland Pad,Lyra-2,26.3,57.9,40.1,60.7,26.9,0,53.0,0,1,2024-02-03 06:00:00+00:00
SIM-0100,2024-02-03 08:00:00+00:00,2024-02-03 07:00:00+00:00,Inland Pad,Vela-3,12.6,16.1,23.1,22.7,30.7,0,10.0,0,0,2024-02-03 14:00:00+00:00
SIM-0101,2024-02-03 16:00:00+00:00,2024-02-03 15:00:00+00:00,Coastal Pad,Aster-1,,22.2,6.0,44.9,27.3,1,10.0,0,0,2024-02-03 22:00:00+00:00
SIM-0102,2024-02-04 00:00:00+00:00,2024-02-03 23:00:00+00:00,Inland Pad,Vela-3,30.5,75.2,57.8,43.2,22.3,1,,1,1,2024-02-04 06:00:00+00:00
SIM-0103,2024-02-04 08:00:00+00:00,2024-02-04 07:00:00+00:00,Coastal Pad,Lyra-2,30.8,44.4,25.7,63.7,22.7,1,15.0,0,0,2024-02-04 14:00:00+00:00
SIM-0104,2024-02-04 16:00:00+00:00,2024-02-04 15:00:00+00:00,Coastal Pad,Vela-3,42.8,56.3,37.0,71.5,17.3,0,90.7,0,1,2024-02-04 22:00:00+00:00
SIM-0105,2024-02-05 00:00:00+00:00,2024-02-04 23:00:00+00:00,Coastal Pad,Vela-3,36.5,44.6,30.0,48.5,18.1,0,73.4,0,1,2024-02-05 06:00:00+00:00
SIM-0106,2024-02-05 08:00:00+00:00,2024-02-05 07:00:00+00:00,Coastal Pad,Aster-1,43.1,0.0,14.0,29.0,33.6,1,5.0,0,0,2024-02-05 14:00:00+00:00
SIM-0107,2024-02-05 16:00:00+00:00,2024-02-05 15:00:00+00:00,Inland Pad,Vela-3,23.1,19.9,6.4,42.1,25.6,1,8.0,0,0,2024-02-05 22:00:00+00:00
SIM-0108,2024-02-06 00:00:00+00:00,2024-02-05 23:00:00+00:00,Coastal Pad,Vela-3,41.4,37.1,21.9,57.6,27.0,0,7.0,0,0,2024-02-06 06:00:00+00:00
SIM-0109,2024-02-06 08:00:00+00:00,2024-02-06 07:00:00+00:00,Inland Pad,Aster-1,28.1,26.2,13.8,40.8,21.6,0,11.0,0,0,2024-02-06 14:00:00+00:00
SIM-0110,2024-02-06 16:00:00+00:00,2024-02-06 15:00:00+00:00,Coastal Pad,Vela-3,46.2,53.0,32.9,88.4,20.5,0,0.0,0,0,2024-02-06 22:00:00+00:00
SIM-0111,2024-02-07 00:00:00+00:00,2024-02-06 23:00:00+00:00,Coastal Pad,Aster-1,23.2,14.3,22.1,36.3,28.7,0,2.0,0,0,2024-02-07 06:00:00+00:00
SIM-0112,2024-02-07 08:00:00+00:00,2024-02-07 07:00:00+00:00,Inland Pad,Aster-1,34.4,17.7,2.5,44.9,27.5,2,14.0,0,0,2024-02-07 14:00:00+00:00
SIM-0113,2024-02-07 16:00:00+00:00,2024-02-07 15:00:00+00:00,Inland Pad,Aster-1,21.6,60.6,38.9,88.2,32.7,1,1.0,0,0,2024-02-07 22:00:00+00:00
SIM-0114,2024-02-08 00:00:00+00:00,2024-02-07 23:00:00+00:00,Inland Pad,Lyra-2,51.2,9.2,18.5,28.8,12.8,0,4.0,0,0,2024-02-08 06:00:00+00:00
SIM-0115,2024-02-08 08:00:00+00:00,2024-02-08 07:00:00+00:00,Inland Pad,Vela-3,8.2,48.1,5.5,50.8,26.5,1,3.0,0,0,2024-02-08 14:00:00+00:00
SIM-0116,2024-02-08 16:00:00+00:00,2024-02-08 15:00:00+00:00,Coastal Pad,Aster-1,27.3,25.8,17.8,31.8,27.4,2,0.0,0,0,2024-02-08 22:00:00+00:00
SIM-0117,2024-02-09 00:00:00+00:00,2024-02-08 23:00:00+00:00,Inland Pad,Aster-1,28.7,29.2,11.5,21.2,21.9,0,11.0,0,0,2024-02-09 06:00:00+00:00
SIM-0118,2024-02-09 08:00:00+00:00,2024-02-09 07:00:00+00:00,Coastal Pad,Vela-3,55.6,66.9,29.3,66.5,28.0,3,43.0,0,1,2024-02-09 14:00:00+00:00
SIM-0119,2024-02-09 16:00:00+00:00,2024-02-09 15:00:00+00:00,Coastal Pad,Aster-1,56.2,30.2,37.4,57.9,22.6,0,26.6,0,1,2024-02-09 22:00:00+00:00
SIM-0120,2024-02-10 00:00:00+00:00,2024-02-09 23:00:00+00:00,Inland Pad,Lyra-2,15.7,19.3,24.5,52.8,25.6,0,7.0,0,0,2024-02-10 06:00:00+00:00
SIM-0121,2024-02-10 08:00:00+00:00,2024-02-10 07:00:00+00:00,Inland Pad,Lyra-2,38.9,16.2,0.0,17.6,36.8,0,6.0,0,0,2024-02-10 14:00:00+00:00
SIM-0122,2024-02-10 16:00:00+00:00,2024-02-10 15:00:00+00:00,Inland Pad,Lyra-2,17.0,,24.7,71.0,17.3,0,3.0,0,0,2024-02-10 22:00:00+00:00
SIM-0123,2024-02-11 00:00:00+00:00,2024-02-10 23:00:00+00:00,Inland Pad,Aster-1,50.9,29.7,27.5,28.5,27.9,2,70.0,0,1,2024-02-11 06:00:00+00:00
SIM-0124,2024-02-11 08:00:00+00:00,2024-02-11 07:00:00+00:00,Coastal Pad,Vela-3,24.1,0.0,0.0,27.5,23.0,0,12.0,0,0,2024-02-11 14:00:00+00:00
SIM-0125,2024-02-11 16:00:00+00:00,2024-02-11 15:00:00+00:00,Inland Pad,Aster-1,32.4,31.9,5.4,56.3,18.6,0,41.6,0,1,2024-02-11 22:00:00+00:00
SIM-0126,2024-02-12 00:00:00+00:00,2024-02-11 23:00:00+00:00,Coastal Pad,Vela-3,32.0,10.2,0.0,,28.9,1,2.0,0,0,2024-02-12 06:00:00+00:00
SIM-0127,2024-02-12 08:00:00+00:00,2024-02-12 07:00:00+00:00,Coastal Pad,Lyra-2,,41.7,18.1,57.3,11.4,0,6.0,0,0,2024-02-12 14:00:00+00:00
SIM-0128,2024-02-12 16:00:00+00:00,2024-02-12 15:00:00+00:00,Coastal Pad,Aster-1,36.6,49.9,0.0,37.0,26.8,0,50.1,0,1,2024-02-12 22:00:00+00:00
SIM-0129,2024-02-13 00:00:00+00:00,2024-02-12 23:00:00+00:00,Coastal Pad,Vela-3,38.4,47.3,14.1,53.0,16.1,0,13.0,0,0,2024-02-13 06:00:00+00:00
SIM-0130,2024-02-13 08:00:00+00:00,2024-02-13 07:00:00+00:00,Inland Pad,Vela-3,14.9,35.2,19.0,34.3,24.3,0,0.0,0,0,2024-02-13 14:00:00+00:00
SIM-0131,2024-02-13 16:00:00+00:00,2024-02-13 15:00:00+00:00,Coastal Pad,Aster-1,37.9,8.4,0.0,29.1,20.6,0,19.2,0,1,2024-02-13 22:00:00+00:00
SIM-0132,2024-02-14 00:00:00+00:00,2024-02-13 23:00:00+00:00,Inland Pad,Lyra-2,23.1,12.6,15.1,8.7,31.1,2,8.0,0,0,2024-02-14 06:00:00+00:00
SIM-0133,2024-02-14 08:00:00+00:00,2024-02-14 07:00:00+00:00,Coastal Pad,Aster-1,24.0,49.4,23.2,51.9,25.8,1,,1,1,2024-02-14 14:00:00+00:00
SIM-0134,2024-02-14 16:00:00+00:00,2024-02-14 15:00:00+00:00,Coastal Pad,Aster-1,42.2,34.1,17.4,9.0,28.2,2,,1,1,2024-02-14 22:00:00+00:00
SIM-0135,2024-02-15 00:00:00+00:00,2024-02-14 23:00:00+00:00,Coastal Pad,Aster-1,23.9,40.8,0.9,46.1,16.7,0,32.7,0,1,2024-02-15 06:00:00+00:00
SIM-0136,2024-02-15 08:00:00+00:00,2024-02-15 07:00:00+00:00,Coastal Pad,Lyra-2,9.4,12.5,9.9,29.1,33.1,0,9.0,0,0,2024-02-15 14:00:00+00:00
SIM-0137,2024-02-15 16:00:00+00:00,2024-02-15 15:00:00+00:00,Inland Pad,Vela-3,31.8,0.0,2.2,0.0,22.0,0,6.0,0,0,2024-02-15 22:00:00+00:00
SIM-0138,2024-02-16 00:00:00+00:00,2024-02-15 23:00:00+00:00,Inland Pad,Lyra-2,12.7,30.1,18.0,27.5,33.8,1,2.0,0,0,2024-02-16 06:00:00+00:00
SIM-0139,2024-02-16 08:00:00+00:00,2024-02-16 07:00:00+00:00,Inland Pad,Lyra-2,33.4,38.0,39.1,45.0,18.1,0,65.7,0,1,2024-02-16 14:00:00+00:00
SIM-0140,2024-02-16 16:00:00+00:00,2024-02-16 15:00:00+00:00,Coastal Pad,Vela-3,25.0,47.2,20.5,63.7,,1,27.9,0,1,2024-02-16 22:00:00+00:00
SIM-0141,2024-02-17 00:00:00+00:00,2024-02-16 23:00:00+00:00,Coastal Pad,Aster-1,45.7,12.1,10.6,38.0,31.1,0,32.1,0,1,2024-02-17 06:00:00+00:00
SIM-0142,2024-02-17 08:00:00+00:00,2024-02-17 07:00:00+00:00,Inland Pad,Vela-3,30.5,37.7,27.6,68.4,31.8,1,7.0,0,0,2024-02-17 14:00:00+00:00
SIM-0143,2024-02-17 16:00:00+00:00,2024-02-17 15:00:00+00:00,Inland Pad,Aster-1,32.4,16.6,3.6,36.3,20.2,0,9.0,0,0,2024-02-17 22:00:00+00:00
SIM-0144,2024-02-18 00:00:00+00:00,2024-02-17 23:00:00+00:00,Coastal Pad,Aster-1,29.0,79.9,38.0,58.3,22.0,1,52.6,0,1,2024-02-18 06:00:00+00:00
SIM-0145,2024-02-18 08:00:00+00:00,2024-02-18 07:00:00+00:00,Coastal Pad,Aster-1,24.8,65.1,33.1,64.3,24.5,0,13.0,0,0,2024-02-18 14:00:00+00:00
SIM-0146,2024-02-18 16:00:00+00:00,2024-02-18 15:00:00+00:00,Inland Pad,Lyra-2,35.6,71.6,46.5,80.3,27.1,1,7.0,0,0,2024-02-18 22:00:00+00:00
SIM-0147,2024-02-19 00:00:00+00:00,2024-02-18 23:00:00+00:00,Inland Pad,Vela-3,35.7,28.1,11.4,44.2,36.6,0,5.0,0,0,2024-02-19 06:00:00+00:00
SIM-0148,2024-02-19 08:00:00+00:00,2024-02-19 07:00:00+00:00,Inland Pad,Vela-3,35.9,16.9,7.6,55.5,24.0,0,11.0,0,0,2024-02-19 14:00:00+00:00
SIM-0149,2024-02-19 16:00:00+00:00,2024-02-19 15:00:00+00:00,Inland Pad,Aster-1,51.5,63.8,4.9,,23.8,1,97.9,0,1,2024-02-19 22:00:00+00:00
SIM-0150,2024-02-20 00:00:00+00:00,2024-02-19 23:00:00+00:00,Inland Pad,Lyra-2,27.9,0.0,0.0,40.0,24.0,0,1.0,0,0,2024-02-20 06:00:00+00:00
SIM-0151,2024-02-20 08:00:00+00:00,2024-02-20 07:00:00+00:00,Inland Pad,Vela-3,53.2,41.9,17.4,49.5,30.7,1,,1,1,2024-02-20 14:00:00+00:00
SIM-0152,2024-02-20 16:00:00+00:00,2024-02-20 15:00:00+00:00,Inland Pad,Vela-3,11.8,13.2,9.7,34.2,22.2,1,32.0,0,1,2024-02-20 22:00:00+00:00
SIM-0153,2024-02-21 00:00:00+00:00,2024-02-20 23:00:00+00:00,Coastal Pad,Aster-1,26.7,21.7,0.8,51.4,21.4,2,92.2,0,1,2024-02-21 06:00:00+00:00
SIM-0154,2024-02-21 08:00:00+00:00,2024-02-21 07:00:00+00:00,Coastal Pad,Lyra-2,20.9,22.8,12.1,53.8,29.6,1,9.0,0,0,2024-02-21 14:00:00+00:00
SIM-0155,2024-02-21 16:00:00+00:00,2024-02-21 15:00:00+00:00,Coastal Pad,Lyra-2,36.3,44.2,24.3,60.7,23.2,0,12.0,0,0,2024-02-21 22:00:00+00:00
SIM-0156,2024-02-22 00:00:00+00:00,2024-02-21 23:00:00+00:00,Inland Pad,Aster-1,23.5,58.2,4.7,,34.7,1,59.6,0,1,2024-02-22 06:00:00+00:00
SIM-0157,2024-02-22 08:00:00+00:00,2024-02-22 07:00:00+00:00,Coastal Pad,Vela-3,48.4,93.6,42.4,83.8,23.4,1,,1,1,2024-02-22 14:00:00+00:00
SIM-0158,2024-02-22 16:00:00+00:00,2024-02-22 15:00:00+00:00,Coastal Pad,Lyra-2,34.8,44.0,50.2,67.1,12.4,1,,1,1,2024-02-22 22:00:00+00:00
SIM-0159,2024-02-23 00:00:00+00:00,2024-02-22 23:00:00+00:00,Coastal Pad,Lyra-2,32.3,6.2,4.7,20.3,23.6,0,2.0,0,0,2024-02-23 06:00:00+00:00
SIM-0160,2024-02-23 08:00:00+00:00,2024-02-23 07:00:00+00:00,Coastal Pad,Lyra-2,33.9,4.7,0.0,47.2,15.6,0,4.0,0,0,2024-02-23 14:00:00+00:00
SIM-0161,2024-02-23 16:00:00+00:00,2024-02-23 15:00:00+00:00,Inland Pad,Aster-1,24.8,53.6,11.8,50.4,24.1,1,42.0,0,1,2024-02-23 22:00:00+00:00
SIM-0162,2024-02-24 00:00:00+00:00,2024-02-23 23:00:00+00:00,Coastal Pad,Vela-3,45.8,23.9,0.8,41.9,23.1,1,63.0,0,1,2024-02-24 06:00:00+00:00
SIM-0163,2024-02-24 08:00:00+00:00,2024-02-24 07:00:00+00:00,Coastal Pad,Lyra-2,60.6,22.7,28.4,57.4,23.0,1,125.0,0,1,2024-02-24 14:00:00+00:00
SIM-0164,2024-02-24 16:00:00+00:00,2024-02-24 15:00:00+00:00,Inland Pad,Lyra-2,29.7,13.8,32.0,32.9,16.9,0,12.0,0,0,2024-02-24 22:00:00+00:00
SIM-0165,2024-02-25 00:00:00+00:00,2024-02-24 23:00:00+00:00,Coastal Pad,Lyra-2,,0.8,32.1,12.6,29.0,0,13.0,0,0,2024-02-25 06:00:00+00:00
SIM-0166,2024-02-25 08:00:00+00:00,2024-02-25 07:00:00+00:00,Coastal Pad,Aster-1,38.3,51.3,0.0,27.5,18.8,1,94.6,0,1,2024-02-25 14:00:00+00:00
SIM-0167,2024-02-25 16:00:00+00:00,2024-02-25 15:00:00+00:00,Coastal Pad,Lyra-2,23.1,8.4,1.7,49.3,37.9,1,0.0,0,0,2024-02-25 22:00:00+00:00
SIM-0168,2024-02-26 00:00:00+00:00,2024-02-25 23:00:00+00:00,Coastal Pad,Vela-3,24.0,17.1,30.4,36.8,33.4,0,7.0,0,0,2024-02-26 06:00:00+00:00
SIM-0169,2024-02-26 08:00:00+00:00,2024-02-26 07:00:00+00:00,Coastal Pad,Vela-3,24.5,6.2,7.4,55.8,16.8,0,10.0,0,0,2024-02-26 14:00:00+00:00
SIM-0170,2024-02-26 16:00:00+00:00,2024-02-26 15:00:00+00:00,Coastal Pad,Lyra-2,36.2,0.0,38.1,47.6,27.3,1,61.7,0,1,2024-02-26 22:00:00+00:00
SIM-0171,2024-02-27 00:00:00+00:00,2024-02-26 23:00:00+00:00,Inland Pad,Vela-3,34.4,50.4,10.5,61.7,23.3,0,1.0,0,0,2024-02-27 06:00:00+00:00
SIM-0172,2024-02-27 08:00:00+00:00,2024-02-27 07:00:00+00:00,Inland Pad,Lyra-2,47.4,55.0,29.4,49.8,29.7,0,169.6,0,1,2024-02-27 14:00:00+00:00
SIM-0173,2024-02-27 16:00:00+00:00,2024-02-27 15:00:00+00:00,Inland Pad,Aster-1,,56.3,27.3,83.5,24.1,0,10.0,0,0,2024-02-27 22:00:00+00:00
SIM-0174,2024-02-28 00:00:00+00:00,2024-02-27 23:00:00+00:00,Coastal Pad,Vela-3,40.7,30.8,9.4,56.6,26.7,2,71.2,0,1,2024-02-28 06:00:00+00:00
SIM-0175,2024-02-28 08:00:00+00:00,2024-02-28 07:00:00+00:00,Inland Pad,Vela-3,46.6,24.2,0.0,69.6,18.4,0,96.1,0,1,2024-02-28 14:00:00+00:00
SIM-0176,2024-02-28 16:00:00+00:00,2024-02-28 15:00:00+00:00,Inland Pad,Vela-3,,26.0,11.6,51.1,17.4,0,9.0,0,0,2024-02-28 22:00:00+00:00
SIM-0177,2024-02-29 00:00:00+00:00,2024-02-28 23:00:00+00:00,Coastal Pad,Aster-1,41.0,1.1,21.7,35.0,15.0,0,2.0,0,0,2024-02-29 06:00:00+00:00
SIM-0178,2024-02-29 08:00:00+00:00,2024-02-29 07:00:00+00:00,Inland Pad,Vela-3,38.9,,38.2,56.0,,1,67.9,0,1,2024-02-29 14:00:00+00:00
SIM-0179,2024-02-29 16:00:00+00:00,2024-02-29 15:00:00+00:00,Inland Pad,Aster-1,29.4,30.2,31.2,48.5,27.3,0,11.0,0,0,2024-02-29 22:00:00+00:00
SIM-0180,2024-03-01 00:00:00+00:00,2024-02-29 23:00:00+00:00,Inland Pad,Vela-3,10.8,47.6,22.6,57.1,28.0,0,2.0,0,0,2024-03-01 06:00:00+00:00
SIM-0181,2024-03-01 08:00:00+00:00,2024-03-01 07:00:00+00:00,Coastal Pad,Aster-1,27.3,52.2,29.0,40.5,23.6,0,5.0,0,0,2024-03-01 14:00:00+00:00
SIM-0182,2024-03-01 16:00:00+00:00,2024-03-01 15:00:00+00:00,Inland Pad,Vela-3,39.2,53.4,39.0,26.7,25.8,1,69.0,0,1,2024-03-01 22:00:00+00:00
SIM-0183,2024-03-02 00:00:00+00:00,2024-03-01 23:00:00+00:00,Coastal Pad,Lyra-2,52.3,93.9,11.7,69.5,18.4,0,,1,1,2024-03-02 06:00:00+00:00
SIM-0184,2024-03-02 08:00:00+00:00,2024-03-02 07:00:00+00:00,Coastal Pad,Vela-3,30.8,23.9,30.3,22.3,28.3,1,14.0,0,0,2024-03-02 14:00:00+00:00
SIM-0185,2024-03-02 16:00:00+00:00,2024-03-02 15:00:00+00:00,Coastal Pad,Vela-3,35.1,77.2,31.8,51.6,17.9,0,9.0,0,0,2024-03-02 22:00:00+00:00
SIM-0186,2024-03-03 00:00:00+00:00,2024-03-02 23:00:00+00:00,Inland Pad,Lyra-2,43.7,49.4,0.0,50.4,23.0,0,2.0,0,0,2024-03-03 06:00:00+00:00
SIM-0187,2024-03-03 08:00:00+00:00,2024-03-03 07:00:00+00:00,Coastal Pad,Lyra-2,36.1,36.2,23.4,53.5,23.8,1,5.0,0,0,2024-03-03 14:00:00+00:00
SIM-0188,2024-03-03 16:00:00+00:00,2024-03-03 15:00:00+00:00,Inland Pad,Lyra-2,35.1,47.6,0.0,67.7,22.2,0,3.0,0,0,2024-03-03 22:00:00+00:00
SIM-0189,2024-03-04 00:00:00+00:00,2024-03-03 23:00:00+00:00,Inland Pad,Lyra-2,37.1,42.8,27.3,29.1,19.9,1,,1,1,2024-03-04 06:00:00+00:00
SIM-0190,2024-03-04 08:00:00+00:00,2024-03-04 07:00:00+00:00,Inland Pad,Aster-1,1.2,24.7,0.0,2.9,28.1,0,1.0,0,0,2024-03-04 14:00:00+00:00
SIM-0191,2024-03-04 16:00:00+00:00,2024-03-04 15:00:00+00:00,Coastal Pad,Lyra-2,71.0,,7.4,59.2,25.4,1,2.0,0,0,2024-03-04 22:00:00+00:00
SIM-0192,2024-03-05 00:00:00+00:00,2024-03-04 23:00:00+00:00,Inland Pad,Aster-1,38.5,33.7,50.0,,24.2,0,29.8,0,1,2024-03-05 06:00:00+00:00
SIM-0193,2024-03-05 08:00:00+00:00,2024-03-05 07:00:00+00:00,Coastal Pad,Aster-1,56.3,13.2,0.0,53.0,25.5,0,141.1,0,1,2024-03-05 14:00:00+00:00
SIM-0194,2024-03-05 16:00:00+00:00,2024-03-05 15:00:00+00:00,Inland Pad,Lyra-2,22.6,47.1,47.2,29.8,25.5,0,3.0,0,0,2024-03-05 22:00:00+00:00
SIM-0195,2024-03-06 00:00:00+00:00,2024-03-05 23:00:00+00:00,Inland Pad,Lyra-2,9.6,34.7,31.4,32.2,22.9,1,58.2,0,1,2024-03-06 06:00:00+00:00
SIM-0196,2024-03-06 08:00:00+00:00,2024-03-06 07:00:00+00:00,Inland Pad,Aster-1,38.4,29.9,9.5,66.9,13.1,1,,1,1,2024-03-06 14:00:00+00:00
SIM-0197,2024-03-06 16:00:00+00:00,2024-03-06 15:00:00+00:00,Inland Pad,Vela-3,9.0,21.0,13.2,23.1,26.9,1,31.9,0,1,2024-03-06 22:00:00+00:00
SIM-0198,2024-03-07 00:00:00+00:00,2024-03-06 23:00:00+00:00,Coastal Pad,Aster-1,20.4,5.6,0.0,25.9,15.3,0,10.0,0,0,2024-03-07 06:00:00+00:00
SIM-0199,2024-03-07 08:00:00+00:00,2024-03-07 07:00:00+00:00,Inland Pad,Lyra-2,26.1,20.6,0.0,46.0,29.4,0,,1,1,2024-03-07 14:00:00+00:00
SIM-0200,2024-03-07 16:00:00+00:00,2024-03-07 15:00:00+00:00,Inland Pad,Vela-3,21.8,74.1,78.1,57.4,24.2,2,99.4,0,1,2024-03-07 22:00:00+00:00
SIM-0201,2024-03-08 00:00:00+00:00,2024-03-07 23:00:00+00:00,Inland Pad,Aster-1,39.1,73.8,34.3,85.3,16.8,0,6.0,0,0,2024-03-08 06:00:00+00:00
SIM-0202,2024-03-08 08:00:00+00:00,2024-03-08 07:00:00+00:00,Inland Pad,Vela-3,32.3,36.1,31.8,75.9,19.3,0,,1,1,2024-03-08 14:00:00+00:00
SIM-0203,2024-03-08 16:00:00+00:00,2024-03-08 15:00:00+00:00,Coastal Pad,Lyra-2,28.9,29.6,25.9,38.1,23.4,1,25.1,0,1,2024-03-08 22:00:00+00:00
SIM-0204,2024-03-09 00:00:00+00:00,2024-03-08 23:00:00+00:00,Coastal Pad,Aster-1,,32.5,24.3,56.2,29.3,0,122.3,0,1,2024-03-09 06:00:00+00:00
SIM-0205,2024-03-09 08:00:00+00:00,2024-03-09 07:00:00+00:00,Inland Pad,Vela-3,45.6,46.2,11.7,67.5,30.6,0,83.4,0,1,2024-03-09 14:00:00+00:00
SIM-0206,2024-03-09 16:00:00+00:00,2024-03-09 15:00:00+00:00,Inland Pad,Aster-1,30.7,41.9,25.2,32.4,35.1,0,4.0,0,0,2024-03-09 22:00:00+00:00
SIM-0207,2024-03-10 00:00:00+00:00,2024-03-09 23:00:00+00:00,Coastal Pad,Aster-1,33.5,28.4,9.5,46.8,30.2,0,5.0,0,0,2024-03-10 06:00:00+00:00
SIM-0208,2024-03-10 08:00:00+00:00,2024-03-10 07:00:00+00:00,Coastal Pad,Lyra-2,37.9,38.6,2.2,43.8,19.9,0,36.7,0,1,2024-03-10 14:00:00+00:00
SIM-0209,2024-03-10 16:00:00+00:00,2024-03-10 15:00:00+00:00,Coastal Pad,Aster-1,20.7,0.0,6.6,39.8,20.8,0,3.0,0,0,2024-03-10 22:00:00+00:00
SIM-0210,2024-03-11 00:00:00+00:00,2024-03-10 23:00:00+00:00,Inland Pad,Lyra-2,24.4,10.5,0.1,41.7,37.0,2,6.0,0,0,2024-03-11 06:00:00+00:00
SIM-0211,2024-03-11 08:00:00+00:00,2024-03-11 07:00:00+00:00,Coastal Pad,Aster-1,60.4,0.0,10.9,27.8,33.7,0,14.0,0,0,2024-03-11 14:00:00+00:00
SIM-0212,2024-03-11 16:00:00+00:00,2024-03-11 15:00:00+00:00,Coastal Pad,Lyra-2,22.3,,9.6,40.1,27.7,2,61.0,0,1,2024-03-11 22:00:00+00:00
SIM-0213,2024-03-12 00:00:00+00:00,2024-03-11 23:00:00+00:00,Coastal Pad,Vela-3,60.8,57.7,57.6,80.8,32.4,1,98.9,0,1,2024-03-12 06:00:00+00:00
SIM-0214,2024-03-12 08:00:00+00:00,2024-03-12 07:00:00+00:00,Inland Pad,Aster-1,12.2,64.7,24.4,54.7,17.1,0,3.0,0,0,2024-03-12 14:00:00+00:00
SIM-0215,2024-03-12 16:00:00+00:00,2024-03-12 15:00:00+00:00,Inland Pad,Lyra-2,28.7,25.0,0.0,14.5,36.6,0,10.0,0,0,2024-03-12 22:00:00+00:00
SIM-0216,2024-03-13 00:00:00+00:00,2024-03-12 23:00:00+00:00,Inland Pad,Vela-3,22.8,11.7,18.4,51.9,28.2,0,47.4,0,1,2024-03-13 06:00:00+00:00
SIM-0217,2024-03-13 08:00:00+00:00,2024-03-13 07:00:00+00:00,Coastal Pad,Aster-1,37.2,41.9,25.3,52.7,27.9,1,25.6,0,1,2024-03-13 14:00:00+00:00
SIM-0218,2024-03-13 16:00:00+00:00,2024-03-13 15:00:00+00:00,Inland Pad,Aster-1,33.6,9.8,23.4,12.5,24.0,0,11.0,0,0,2024-03-13 22:00:00+00:00
SIM-0219,2024-03-14 00:00:00+00:00,2024-03-13 23:00:00+00:00,Inland Pad,Lyra-2,35.5,34.2,18.4,30.4,16.0,0,12.0,0,0,2024-03-14 06:00:00+00:00
SIM-0220,2024-03-14 08:00:00+00:00,2024-03-14 07:00:00+00:00,Coastal Pad,Lyra-2,21.0,14.6,0.0,0.5,28.3,1,58.2,0,1,2024-03-14 14:00:00+00:00
SIM-0221,2024-03-14 16:00:00+00:00,2024-03-14 15:00:00+00:00,Coastal Pad,Aster-1,23.8,41.5,11.5,60.9,37.1,0,15.0,0,0,2024-03-14 22:00:00+00:00
SIM-0222,2024-03-15 00:00:00+00:00,2024-03-14 23:00:00+00:00,Inland Pad,Lyra-2,36.1,50.3,1.8,,23.5,1,5.0,0,0,2024-03-15 06:00:00+00:00
SIM-0223,2024-03-15 08:00:00+00:00,2024-03-15 07:00:00+00:00,Inland Pad,Vela-3,38.4,0.0,3.5,21.6,22.7,0,35.0,0,1,2024-03-15 14:00:00+00:00
SIM-0224,2024-03-15 16:00:00+00:00,2024-03-15 15:00:00+00:00,Coastal Pad,Lyra-2,42.6,46.4,8.0,62.3,23.1,0,0.0,0,0,2024-03-15 22:00:00+00:00
SIM-0225,2024-03-16 00:00:00+00:00,2024-03-15 23:00:00+00:00,Inland Pad,Aster-1,41.7,28.7,0.0,,26.8,1,11.0,0,0,2024-03-16 06:00:00+00:00
SIM-0226,2024-03-16 08:00:00+00:00,2024-03-16 07:00:00+00:00,Inland Pad,Vela-3,20.3,25.8,29.4,37.6,19.3,0,10.0,0,0,2024-03-16 14:00:00+00:00
SIM-0227,2024-03-16 16:00:00+00:00,2024-03-16 15:00:00+00:00,Inland Pad,Aster-1,13.8,4.2,0.0,18.5,30.0,0,91.3,0,1,2024-03-16 22:00:00+00:00
SIM-0228,2024-03-17 00:00:00+00:00,2024-03-16 23:00:00+00:00,Coastal Pad,Aster-1,32.5,37.7,29.8,77.4,19.9,0,13.0,0,0,2024-03-17 06:00:00+00:00
SIM-0229,2024-03-17 08:00:00+00:00,2024-03-17 07:00:00+00:00,Coastal Pad,Vela-3,47.9,47.0,27.9,27.4,32.2,0,31.4,0,1,2024-03-17 14:00:00+00:00
SIM-0230,2024-03-17 16:00:00+00:00,2024-03-17 15:00:00+00:00,Coastal Pad,Aster-1,36.5,69.9,24.9,,14.9,0,,1,1,2024-03-17 22:00:00+00:00
SIM-0231,2024-03-18 00:00:00+00:00,2024-03-17 23:00:00+00:00,Coastal Pad,Vela-3,20.7,35.7,10.6,60.5,30.8,1,3.0,0,0,2024-03-18 06:00:00+00:00
SIM-0232,2024-03-18 08:00:00+00:00,2024-03-18 07:00:00+00:00,Coastal Pad,Aster-1,42.0,0.0,22.2,39.8,21.5,0,,1,1,2024-03-18 14:00:00+00:00
SIM-0233,2024-03-18 16:00:00+00:00,2024-03-18 15:00:00+00:00,Coastal Pad,Aster-1,24.7,41.4,0.0,20.7,26.9,0,11.0,0,0,2024-03-18 22:00:00+00:00
SIM-0234,2024-03-19 00:00:00+00:00,2024-03-18 23:00:00+00:00,Coastal Pad,Vela-3,31.6,74.8,55.6,62.0,25.5,1,89.1,0,1,2024-03-19 06:00:00+00:00
SIM-0235,2024-03-19 08:00:00+00:00,2024-03-19 07:00:00+00:00,Inland Pad,Lyra-2,16.1,44.8,35.5,56.9,24.2,1,13.0,0,0,2024-03-19 14:00:00+00:00
SIM-0236,2024-03-19 16:00:00+00:00,2024-03-19 15:00:00+00:00,Inland Pad,Lyra-2,42.2,76.0,51.2,,21.2,0,46.5,0,1,2024-03-19 22:00:00+00:00
SIM-0237,2024-03-20 00:00:00+00:00,2024-03-19 23:00:00+00:00,Coastal Pad,Aster-1,35.6,18.7,14.5,55.8,32.2,1,112.4,0,1,2024-03-20 06:00:00+00:00
SIM-0238,2024-03-20 08:00:00+00:00,2024-03-20 07:00:00+00:00,Coastal Pad,Vela-3,46.4,44.4,11.7,44.8,19.8,1,46.1,0,1,2024-03-20 14:00:00+00:00
SIM-0239,2024-03-20 16:00:00+00:00,2024-03-20 15:00:00+00:00,Inland Pad,Lyra-2,23.4,,24.0,17.9,32.7,1,0.0,0,0,2024-03-20 22:00:00+00:00
SIM-0240,2024-03-21 00:00:00+00:00,2024-03-20 23:00:00+00:00,Inland Pad,Aster-1,32.0,41.0,51.0,26.9,11.3,0,1.0,0,0,2024-03-21 06:00:00+00:00
SIM-0241,2024-03-21 08:00:00+00:00,2024-03-21 07:00:00+00:00,Inland Pad,Vela-3,43.1,,31.1,64.0,26.7,3,20.9,0,1,2024-03-21 14:00:00+00:00
SIM-0242,2024-03-21 16:00:00+00:00,2024-03-21 15:00:00+00:00,Inland Pad,Lyra-2,22.0,48.3,22.6,52.9,15.7,1,65.5,0,1,2024-03-21 22:00:00+00:00
SIM-0243,2024-03-22 00:00:00+00:00,2024-03-21 23:00:00+00:00,Inland Pad,Aster-1,55.1,57.5,4.3,52.0,24.0,0,31.9,0,1,2024-03-22 06:00:00+00:00
SIM-0244,2024-03-22 08:00:00+00:00,2024-03-22 07:00:00+00:00,Inland Pad,Vela-3,29.0,15.3,,1.7,17.4,0,4.0,0,0,2024-03-22 14:00:00+00:00
SIM-0245,2024-03-22 16:00:00+00:00,2024-03-22 15:00:00+00:00,Inland Pad,Lyra-2,28.3,41.5,16.1,31.2,18.5,1,29.5,0,1,2024-03-22 22:00:00+00:00
SIM-0246,2024-03-23 00:00:00+00:00,2024-03-22 23:00:00+00:00,Coastal Pad,Lyra-2,39.5,26.9,0.3,45.5,19.6,0,,1,1,2024-03-23 06:00:00+00:00
SIM-0247,2024-03-23 08:00:00+00:00,2024-03-23 07:00:00+00:00,Inland Pad,Vela-3,29.7,35.8,,29.6,22.3,0,1.0,0,0,2024-03-23 14:00:00+00:00
SIM-0248,2024-03-23 16:00:00+00:00,2024-03-23 15:00:00+00:00,Coastal Pad,Lyra-2,24.6,14.4,20.7,29.3,14.3,0,9.0,0,0,2024-03-23 22:00:00+00:00
SIM-0249,2024-03-24 00:00:00+00:00,2024-03-23 23:00:00+00:00,Inland Pad,Aster-1,35.6,58.6,22.9,70.4,25.3,2,27.4,0,1,2024-03-24 06:00:00+00:00
SIM-0250,2024-03-24 08:00:00+00:00,2024-03-24 07:00:00+00:00,Coastal Pad,Vela-3,43.2,60.3,22.2,40.3,23.0,0,10.0,0,0,2024-03-24 14:00:00+00:00
SIM-0251,2024-03-24 16:00:00+00:00,2024-03-24 15:00:00+00:00,Coastal Pad,Aster-1,60.7,70.7,54.6,100.0,21.1,1,,1,1,2024-03-24 22:00:00+00:00
SIM-0252,2024-03-25 00:00:00+00:00,2024-03-24 23:00:00+00:00,Coastal Pad,Lyra-2,54.8,58.2,52.0,63.9,,2,,1,1,2024-03-25 06:00:00+00:00
SIM-0253,2024-03-25 08:00:00+00:00,2024-03-25 07:00:00+00:00,Coastal Pad,Lyra-2,46.9,37.1,20.0,46.2,19.6,0,35.3,0,1,2024-03-25 14:00:00+00:00
SIM-0254,2024-03-25 16:00:00+00:00,2024-03-25 15:00:00+00:00,Inland Pad,Vela-3,36.2,15.0,0.0,43.9,26.5,1,15.0,0,0,2024-03-25 22:00:00+00:00
SIM-0255,2024-03-26 00:00:00+00:00,2024-03-25 23:00:00+00:00,Coastal Pad,Aster-1,34.3,22.5,23.0,70.7,26.9,2,29.6,0,1,2024-03-26 06:00:00+00:00
SIM-0256,2024-03-26 08:00:00+00:00,2024-03-26 07:00:00+00:00,Inland Pad,Aster-1,15.6,11.0,0.0,36.0,31.9,0,4.0,0,0,2024-03-26 14:00:00+00:00
SIM-0257,2024-03-26 16:00:00+00:00,2024-03-26 15:00:00+00:00,Coastal Pad,Lyra-2,31.4,29.5,0.3,37.8,30.5,0,35.5,0,1,2024-03-26 22:00:00+00:00
SIM-0258,2024-03-27 00:00:00+00:00,2024-03-26 23:00:00+00:00,Coastal Pad,Lyra-2,,29.3,20.4,30.5,24.2,0,4.0,0,0,2024-03-27 06:00:00+00:00
SIM-0259,2024-03-27 08:00:00+00:00,2024-03-27 07:00:00+00:00,Coastal Pad,Aster-1,43.2,13.8,32.6,55.9,27.4,0,70.3,0,1,2024-03-27 14:00:00+00:00
SIM-0260,2024-03-27 16:00:00+00:00,2024-03-27 15:00:00+00:00,Inland Pad,Lyra-2,0.0,20.8,25.5,49.5,27.4,1,,1,1,2024-03-27 22:00:00+00:00
SIM-0261,2024-03-28 00:00:00+00:00,2024-03-27 23:00:00+00:00,Coastal Pad,Aster-1,33.9,33.5,33.8,50.6,,1,18.6,0,1,2024-03-28 06:00:00+00:00
SIM-0262,2024-03-28 08:00:00+00:00,2024-03-28 07:00:00+00:00,Inland Pad,Vela-3,35.4,48.5,28.5,51.0,13.5,0,43.6,0,1,2024-03-28 14:00:00+00:00
SIM-0263,2024-03-28 16:00:00+00:00,2024-03-28 15:00:00+00:00,Inland Pad,Vela-3,32.2,25.9,9.6,18.8,19.8,0,8.0,0,0,2024-03-28 22:00:00+00:00
SIM-0264,2024-03-29 00:00:00+00:00,2024-03-28 23:00:00+00:00,Inland Pad,Aster-1,28.8,24.9,0.0,53.9,27.7,2,40.9,0,1,2024-03-29 06:00:00+00:00
SIM-0265,2024-03-29 08:00:00+00:00,2024-03-29 07:00:00+00:00,Inland Pad,Lyra-2,37.5,51.6,34.7,79.2,20.3,3,97.1,0,1,2024-03-29 14:00:00+00:00
SIM-0266,2024-03-29 16:00:00+00:00,2024-03-29 15:00:00+00:00,Inland Pad,Vela-3,11.0,1.5,31.6,52.6,22.1,1,44.4,0,1,2024-03-29 22:00:00+00:00
SIM-0267,2024-03-30 00:00:00+00:00,2024-03-29 23:00:00+00:00,Coastal Pad,Lyra-2,49.0,20.0,39.0,41.3,21.3,0,121.9,0,1,2024-03-30 06:00:00+00:00
SIM-0268,2024-03-30 08:00:00+00:00,2024-03-30 07:00:00+00:00,Inland Pad,Vela-3,37.0,61.2,19.6,29.6,21.3,1,41.3,0,1,2024-03-30 14:00:00+00:00
SIM-0269,2024-03-30 16:00:00+00:00,2024-03-30 15:00:00+00:00,Coastal Pad,Vela-3,45.5,14.7,0.0,42.8,26.8,0,11.0,0,0,2024-03-30 22:00:00+00:00
SIM-0270,2024-03-31 00:00:00+00:00,2024-03-30 23:00:00+00:00,Coastal Pad,Vela-3,33.7,28.0,10.8,24.6,34.8,1,10.0,0,0,2024-03-31 06:00:00+00:00
SIM-0271,2024-03-31 08:00:00+00:00,2024-03-31 07:00:00+00:00,Coastal Pad,Lyra-2,29.8,20.7,16.5,24.7,28.8,0,7.0,0,0,2024-03-31 14:00:00+00:00
SIM-0272,2024-03-31 16:00:00+00:00,2024-03-31 15:00:00+00:00,Inland Pad,Lyra-2,37.4,16.7,3.4,47.8,,0,11.0,0,0,2024-03-31 22:00:00+00:00
SIM-0273,2024-04-01 00:00:00+00:00,2024-03-31 23:00:00+00:00,Inland Pad,Aster-1,17.0,17.5,6.4,32.5,19.5,2,11.0,0,0,2024-04-01 06:00:00+00:00
SIM-0274,2024-04-01 08:00:00+00:00,2024-04-01 07:00:00+00:00,Inland Pad,Lyra-2,15.5,43.8,5.0,65.7,36.9,2,10.0,0,0,2024-04-01 14:00:00+00:00
SIM-0275,2024-04-01 16:00:00+00:00,2024-04-01 15:00:00+00:00,Inland Pad,Vela-3,8.1,52.9,19.3,40.7,28.7,2,140.1,0,1,2024-04-01 22:00:00+00:00
SIM-0276,2024-04-02 00:00:00+00:00,2024-04-01 23:00:00+00:00,Inland Pad,Vela-3,25.0,,49.6,82.6,17.2,0,34.7,0,1,2024-04-02 06:00:00+00:00
SIM-0277,2024-04-02 08:00:00+00:00,2024-04-02 07:00:00+00:00,Inland Pad,Lyra-2,27.3,15.3,4.3,40.8,23.1,1,9.0,0,0,2024-04-02 14:00:00+00:00
SIM-0278,2024-04-02 16:00:00+00:00,2024-04-02 15:00:00+00:00,Coastal Pad,Aster-1,16.8,18.9,33.6,51.5,30.7,1,5.0,0,0,2024-04-02 22:00:00+00:00
SIM-0279,2024-04-03 00:00:00+00:00,2024-04-02 23:00:00+00:00,Inland Pad,Vela-3,9.3,27.1,14.5,57.4,21.9,0,12.0,0,0,2024-04-03 06:00:00+00:00
SIM-0280,2024-04-03 08:00:00+00:00,2024-04-03 07:00:00+00:00,Inland Pad,Aster-1,27.3,55.8,39.7,69.7,18.1,0,43.6,0,1,2024-04-03 14:00:00+00:00
SIM-0281,2024-04-03 16:00:00+00:00,2024-04-03 15:00:00+00:00,Inland Pad,Aster-1,48.6,77.7,68.1,63.9,16.0,0,34.6,0,1,2024-04-03 22:00:00+00:00
SIM-0282,2024-04-04 00:00:00+00:00,2024-04-03 23:00:00+00:00,Inland Pad,Vela-3,21.4,0.0,0.0,47.8,25.4,2,5.0,0,0,2024-04-04 06:00:00+00:00
SIM-0283,2024-04-04 08:00:00+00:00,2024-04-04 07:00:00+00:00,Inland Pad,Vela-3,29.6,3.1,9.6,23.4,32.4,0,15.0,0,0,2024-04-04 14:00:00+00:00
SIM-0284,2024-04-04 16:00:00+00:00,2024-04-04 15:00:00+00:00,Coastal Pad,Vela-3,30.1,81.8,59.6,100.0,21.9,1,40.6,0,1,2024-04-04 22:00:00+00:00
SIM-0285,2024-04-05 00:00:00+00:00,2024-04-04 23:00:00+00:00,Coastal Pad,Vela-3,,51.9,39.0,32.0,22.1,0,50.0,0,1,2024-04-05 06:00:00+00:00
SIM-0286,2024-04-05 08:00:00+00:00,2024-04-05 07:00:00+00:00,Coastal Pad,Vela-3,40.6,30.6,55.2,65.1,32.0,1,27.3,0,1,2024-04-05 14:00:00+00:00
SIM-0287,2024-04-05 16:00:00+00:00,2024-04-05 15:00:00+00:00,Coastal Pad,Aster-1,26.3,95.4,56.0,66.5,22.6,1,120.9,0,1,2024-04-05 22:00:00+00:00
SIM-0288,2024-04-06 00:00:00+00:00,2024-04-05 23:00:00+00:00,Coastal Pad,Lyra-2,28.3,23.3,22.5,43.5,26.6,0,14.0,0,0,2024-04-06 06:00:00+00:00
SIM-0289,2024-04-06 08:00:00+00:00,2024-04-06 07:00:00+00:00,Coastal Pad,Lyra-2,32.3,58.5,16.1,32.6,21.7,0,4.0,0,0,2024-04-06 14:00:00+00:00
SIM-0290,2024-04-06 16:00:00+00:00,2024-04-06 15:00:00+00:00,Inland Pad,Vela-3,33.6,36.9,25.4,47.6,14.0,0,48.8,0,1,2024-04-06 22:00:00+00:00
SIM-0291,2024-04-07 00:00:00+00:00,2024-04-06 23:00:00+00:00,Coastal Pad,Lyra-2,26.8,30.1,51.4,52.4,27.7,0,13.0,0,0,2024-04-07 06:00:00+00:00
SIM-0292,2024-04-07 08:00:00+00:00,2024-04-07 07:00:00+00:00,Coastal Pad,Vela-3,19.2,52.0,43.0,79.5,19.5,1,8.0,0,0,2024-04-07 14:00:00+00:00
SIM-0293,2024-04-07 16:00:00+00:00,2024-04-07 15:00:00+00:00,Coastal Pad,Aster-1,33.4,42.8,21.6,86.2,31.4,0,20.1,0,1,2024-04-07 22:00:00+00:00
SIM-0294,2024-04-08 00:00:00+00:00,2024-04-07 23:00:00+00:00,Coastal Pad,Aster-1,47.5,,6.3,34.8,19.0,0,5.0,0,0,2024-04-08 06:00:00+00:00
SIM-0295,2024-04-08 08:00:00+00:00,2024-04-08 07:00:00+00:00,Inland Pad,Vela-3,46.0,35.8,15.6,54.4,17.1,1,20.5,0,1,2024-04-08 14:00:00+00:00
SIM-0296,2024-04-08 16:00:00+00:00,2024-04-08 15:00:00+00:00,Coastal Pad,Vela-3,25.7,15.9,20.0,49.8,31.7,0,9.0,0,0,2024-04-08 22:00:00+00:00
SIM-0297,2024-04-09 00:00:00+00:00,2024-04-08 23:00:00+00:00,Inland Pad,Aster-1,15.3,6.6,6.6,41.5,,1,56.4,0,1,2024-04-09 06:00:00+00:00
SIM-0298,2024-04-09 08:00:00+00:00,2024-04-09 07:00:00+00:00,Coastal Pad,Vela-3,21.7,29.4,10.2,68.0,22.0,3,47.5,0,1,2024-04-09 14:00:00+00:00
SIM-0299,2024-04-09 16:00:00+00:00,2024-04-09 15:00:00+00:00,Inland Pad,Vela-3,21.0,33.7,0.0,41.9,,1,40.5,0,1,2024-04-09 22:00:00+00:00
SIM-0300,2024-04-10 00:00:00+00:00,2024-04-09 23:00:00+00:00,Coastal Pad,Lyra-2,35.5,37.2,15.3,35.7,20.8,3,68.6,0,1,2024-04-10 06:00:00+00:00
SIM-0301,2024-04-10 08:00:00+00:00,2024-04-10 07:00:00+00:00,Coastal Pad,Lyra-2,47.4,55.0,39.4,72.7,28.2,0,32.6,0,1,2024-04-10 14:00:00+00:00
SIM-0302,2024-04-10 16:00:00+00:00,2024-04-10 15:00:00+00:00,Inland Pad,Aster-1,45.7,4.3,24.4,10.5,28.5,0,59.2,0,1,2024-04-10 22:00:00+00:00
SIM-0303,2024-04-11 00:00:00+00:00,2024-04-10 23:00:00+00:00,Coastal Pad,Aster-1,26.5,5.0,0.0,12.8,33.5,2,5.0,0,0,2024-04-11 06:00:00+00:00
SIM-0304,2024-04-11 08:00:00+00:00,2024-04-11 07:00:00+00:00,Coastal Pad,Lyra-2,49.5,10.0,20.2,26.4,26.0,1,40.3,0,1,2024-04-11 14:00:00+00:00
SIM-0305,2024-04-11 16:00:00+00:00,2024-04-11 15:00:00+00:00,Coastal Pad,Vela-3,43.2,6.4,0.0,35.2,24.4,0,5.0,0,0,2024-04-11 22:00:00+00:00
SIM-0306,2024-04-12 00:00:00+00:00,2024-04-11 23:00:00+00:00,Inland Pad,Vela-3,24.9,33.8,,64.9,20.4,0,66.9,0,1,2024-04-12 06:00:00+00:00
SIM-0307,2024-04-12 08:00:00+00:00,2024-04-12 07:00:00+00:00,Coastal Pad,Aster-1,18.3,39.6,0.7,55.0,21.1,0,3.0,0,0,2024-04-12 14:00:00+00:00
SIM-0308,2024-04-12 16:00:00+00:00,2024-04-12 15:00:00+00:00,Coastal Pad,Lyra-2,39.7,,30.9,69.6,25.2,2,69.4,0,1,2024-04-12 22:00:00+00:00
SIM-0309,2024-04-13 00:00:00+00:00,2024-04-12 23:00:00+00:00,Inland Pad,Aster-1,46.9,64.5,15.1,,19.2,0,28.7,0,1,2024-04-13 06:00:00+00:00
SIM-0310,2024-04-13 08:00:00+00:00,2024-04-13 07:00:00+00:00,Inland Pad,Vela-3,22.3,12.9,0.0,41.5,19.9,0,2.0,0,0,2024-04-13 14:00:00+00:00
SIM-0311,2024-04-13 16:00:00+00:00,2024-04-13 15:00:00+00:00,Coastal Pad,Lyra-2,52.6,26.3,41.1,50.0,27.4,1,33.8,0,1,2024-04-13 22:00:00+00:00
SIM-0312,2024-04-14 00:00:00+00:00,2024-04-13 23:00:00+00:00,Coastal Pad,Vela-3,23.3,40.4,18.1,72.6,23.3,3,39.7,0,1,2024-04-14 06:00:00+00:00
SIM-0313,2024-04-14 08:00:00+00:00,2024-04-14 07:00:00+00:00,Coastal Pad,Lyra-2,51.4,20.3,33.6,44.4,24.2,2,35.2,0,1,2024-04-14 14:00:00+00:00
SIM-0314,2024-04-14 16:00:00+00:00,2024-04-14 15:00:00+00:00,Inland Pad,Vela-3,19.3,4.4,0.0,34.9,22.9,0,15.0,0,0,2024-04-14 22:00:00+00:00
SIM-0315,2024-04-15 00:00:00+00:00,2024-04-14 23:00:00+00:00,Coastal Pad,Aster-1,22.2,30.4,0.0,37.9,20.0,0,7.0,0,0,2024-04-15 06:00:00+00:00
SIM-0316,2024-04-15 08:00:00+00:00,2024-04-15 07:00:00+00:00,Coastal Pad,Vela-3,,49.4,44.4,56.4,21.0,0,7.0,0,0,2024-04-15 14:00:00+00:00
SIM-0317,2024-04-15 16:00:00+00:00,2024-04-15 15:00:00+00:00,Coastal Pad,Lyra-2,25.4,46.6,0.0,54.3,23.2,0,10.0,0,0,2024-04-15 22:00:00+00:00
SIM-0318,2024-04-16 00:00:00+00:00,2024-04-15 23:00:00+00:00,Coastal Pad,Aster-1,14.2,41.1,0.0,47.3,31.7,1,7.0,0,0,2024-04-16 06:00:00+00:00
SIM-0319,2024-04-16 08:00:00+00:00,2024-04-16 07:00:00+00:00,Inland Pad,Lyra-2,,30.0,19.4,68.4,28.7,0,15.0,0,0,2024-04-16 14:00:00+00:00
SIM-0320,2024-04-16 16:00:00+00:00,2024-04-16 15:00:00+00:00,Inland Pad,Lyra-2,0.0,33.8,0.4,33.8,,1,3.0,0,0,2024-04-16 22:00:00+00:00
SIM-0321,2024-04-17 00:00:00+00:00,2024-04-16 23:00:00+00:00,Inland Pad,Aster-1,48.0,58.4,,70.5,19.2,0,7.0,0,0,2024-04-17 06:00:00+00:00
SIM-0322,2024-04-17 08:00:00+00:00,2024-04-17 07:00:00+00:00,Inland Pad,Vela-3,35.1,35.5,7.2,46.8,27.0,1,15.0,0,0,2024-04-17 14:00:00+00:00
SIM-0323,2024-04-17 16:00:00+00:00,2024-04-17 15:00:00+00:00,Coastal Pad,Vela-3,27.6,37.9,20.9,28.3,24.6,1,38.3,0,1,2024-04-17 22:00:00+00:00
SIM-0324,2024-04-18 00:00:00+00:00,2024-04-17 23:00:00+00:00,Coastal Pad,Lyra-2,19.9,6.7,12.9,27.2,34.0,3,27.8,0,1,2024-04-18 06:00:00+00:00
SIM-0325,2024-04-18 08:00:00+00:00,2024-04-18 07:00:00+00:00,Coastal Pad,Aster-1,57.1,75.7,50.1,40.2,17.3,0,33.9,0,1,2024-04-18 14:00:00+00:00
SIM-0326,2024-04-18 16:00:00+00:00,2024-04-18 15:00:00+00:00,Coastal Pad,Aster-1,21.2,26.6,18.3,48.1,27.5,1,59.0,0,1,2024-04-18 22:00:00+00:00
SIM-0327,2024-04-19 00:00:00+00:00,2024-04-18 23:00:00+00:00,Coastal Pad,Vela-3,41.9,4.5,0.0,83.2,18.5,0,12.0,0,0,2024-04-19 06:00:00+00:00
SIM-0328,2024-04-19 08:00:00+00:00,2024-04-19 07:00:00+00:00,Inland Pad,Aster-1,47.0,59.8,12.9,,28.6,0,3.0,0,0,2024-04-19 14:00:00+00:00
SIM-0329,2024-04-19 16:00:00+00:00,2024-04-19 15:00:00+00:00,Coastal Pad,Lyra-2,42.8,32.7,11.3,69.8,26.6,0,3.0,0,0,2024-04-19 22:00:00+00:00
SIM-0330,2024-04-20 00:00:00+00:00,2024-04-19 23:00:00+00:00,Coastal Pad,Aster-1,35.5,50.5,33.0,49.6,29.8,1,54.9,0,1,2024-04-20 06:00:00+00:00
SIM-0331,2024-04-20 08:00:00+00:00,2024-04-20 07:00:00+00:00,Coastal Pad,Aster-1,42.2,32.9,3.8,36.9,25.1,0,81.3,0,1,2024-04-20 14:00:00+00:00
SIM-0332,2024-04-20 16:00:00+00:00,2024-04-20 15:00:00+00:00,Coastal Pad,Lyra-2,35.2,57.5,41.0,52.3,28.3,1,36.8,0,1,2024-04-20 22:00:00+00:00
SIM-0333,2024-04-21 00:00:00+00:00,2024-04-20 23:00:00+00:00,Inland Pad,Aster-1,43.0,15.5,1.5,61.9,26.2,1,6.0,0,0,2024-04-21 06:00:00+00:00
SIM-0334,2024-04-21 08:00:00+00:00,2024-04-21 07:00:00+00:00,Inland Pad,Vela-3,25.6,64.2,33.5,47.9,24.4,0,44.8,0,1,2024-04-21 14:00:00+00:00
SIM-0335,2024-04-21 16:00:00+00:00,2024-04-21 15:00:00+00:00,Inland Pad,Vela-3,48.1,21.8,4.2,72.7,34.0,1,29.3,0,1,2024-04-21 22:00:00+00:00
SIM-0336,2024-04-22 00:00:00+00:00,2024-04-21 23:00:00+00:00,Coastal Pad,Lyra-2,39.6,1.4,,25.9,,0,86.2,0,1,2024-04-22 06:00:00+00:00
SIM-0337,2024-04-22 08:00:00+00:00,2024-04-22 07:00:00+00:00,Inland Pad,Vela-3,26.1,35.0,29.8,39.9,,1,121.1,0,1,2024-04-22 14:00:00+00:00
SIM-0338,2024-04-22 16:00:00+00:00,2024-04-22 15:00:00+00:00,Coastal Pad,Vela-3,45.2,26.3,7.9,56.2,29.9,2,73.4,0,1,2024-04-22 22:00:00+00:00
SIM-0339,2024-04-23 00:00:00+00:00,2024-04-22 23:00:00+00:00,Inland Pad,Lyra-2,42.6,37.9,14.0,57.7,23.9,1,14.0,0,0,2024-04-23 06:00:00+00:00
SIM-0340,2024-04-23 08:00:00+00:00,2024-04-23 07:00:00+00:00,Coastal Pad,Aster-1,26.6,25.0,20.1,48.9,21.5,0,61.6,0,1,2024-04-23 14:00:00+00:00
SIM-0341,2024-04-23 16:00:00+00:00,2024-04-23 15:00:00+00:00,Coastal Pad,Aster-1,18.5,,2.4,6.8,24.5,1,2.0,0,0,2024-04-23 22:00:00+00:00
SIM-0342,2024-04-24 00:00:00+00:00,2024-04-23 23:00:00+00:00,Coastal Pad,Vela-3,15.6,5.0,13.3,32.0,20.0,2,12.0,0,0,2024-04-24 06:00:00+00:00
SIM-0343,2024-04-24 08:00:00+00:00,2024-04-24 07:00:00+00:00,Coastal Pad,Lyra-2,20.6,0.0,6.4,29.1,22.7,0,9.0,0,0,2024-04-24 14:00:00+00:00
SIM-0344,2024-04-24 16:00:00+00:00,2024-04-24 15:00:00+00:00,Coastal Pad,Vela-3,26.4,15.4,0.0,31.9,27.2,1,0.0,0,0,2024-04-24 22:00:00+00:00
SIM-0345,2024-04-25 00:00:00+00:00,2024-04-24 23:00:00+00:00,Coastal Pad,Lyra-2,29.4,21.9,1.0,64.7,25.6,0,5.0,0,0,2024-04-25 06:00:00+00:00
SIM-0346,2024-04-25 08:00:00+00:00,2024-04-25 07:00:00+00:00,Inland Pad,Lyra-2,59.9,28.1,39.8,49.4,25.1,1,26.3,0,1,2024-04-25 14:00:00+00:00
SIM-0347,2024-04-25 16:00:00+00:00,2024-04-25 15:00:00+00:00,Inland Pad,Vela-3,,46.2,27.3,56.1,26.6,1,86.9,0,1,2024-04-25 22:00:00+00:00
SIM-0348,2024-04-26 00:00:00+00:00,2024-04-25 23:00:00+00:00,Inland Pad,Lyra-2,26.9,23.9,0.0,60.2,34.8,1,6.0,0,0,2024-04-26 06:00:00+00:00
SIM-0349,2024-04-26 08:00:00+00:00,2024-04-26 07:00:00+00:00,Coastal Pad,Lyra-2,31.1,75.5,12.6,29.2,23.3,0,42.4,0,1,2024-04-26 14:00:00+00:00
SIM-0350,2024-04-26 16:00:00+00:00,2024-04-26 15:00:00+00:00,Inland Pad,Vela-3,49.5,48.1,43.6,38.0,15.2,0,63.2,0,1,2024-04-26 22:00:00+00:00
SIM-0351,2024-04-27 00:00:00+00:00,2024-04-26 23:00:00+00:00,Inland Pad,Aster-1,16.3,71.3,58.5,56.0,26.3,1,31.9,0,1,2024-04-27 06:00:00+00:00
SIM-0352,2024-04-27 08:00:00+00:00,2024-04-27 07:00:00+00:00,Coastal Pad,Aster-1,32.7,0.0,3.9,18.3,29.7,3,81.3,0,1,2024-04-27 14:00:00+00:00
SIM-0353,2024-04-27 16:00:00+00:00,2024-04-27 15:00:00+00:00,Inland Pad,Vela-3,36.7,89.9,42.3,59.7,27.1,1,25.3,0,1,2024-04-27 22:00:00+00:00
SIM-0354,2024-04-28 00:00:00+00:00,2024-04-27 23:00:00+00:00,Inland Pad,Vela-3,34.5,77.6,50.6,,,0,72.0,0,1,2024-04-28 06:00:00+00:00
SIM-0355,2024-04-28 08:00:00+00:00,2024-04-28 07:00:00+00:00,Coastal Pad,Vela-3,39.9,55.3,26.1,87.5,,0,33.0,0,1,2024-04-28 14:00:00+00:00
SIM-0356,2024-04-28 16:00:00+00:00,2024-04-28 15:00:00+00:00,Coastal Pad,Vela-3,28.8,48.7,5.0,33.3,20.3,0,3.0,0,0,2024-04-28 22:00:00+00:00
SIM-0357,2024-04-29 00:00:00+00:00,2024-04-28 23:00:00+00:00,Coastal Pad,Aster-1,18.8,0.0,21.0,55.5,27.6,0,6.0,0,0,2024-04-29 06:00:00+00:00
SIM-0358,2024-04-29 08:00:00+00:00,2024-04-29 07:00:00+00:00,Inland Pad,Vela-3,39.0,20.6,8.5,23.6,29.4,0,8.0,0,0,2024-04-29 14:00:00+00:00
SIM-0359,2024-04-29 16:00:00+00:00,2024-04-29 15:00:00+00:00,Inland Pad,Aster-1,41.2,16.1,24.5,24.4,30.6,1,41.8,0,1,2024-04-29 22:00:00+00:00
SIM-0360,2024-04-30 00:00:00+00:00,2024-04-29 23:00:00+00:00,Coastal Pad,Vela-3,40.2,23.3,15.9,56.0,35.0,3,39.4,0,1,2024-04-30 06:00:00+00:00
SIM-0361,2024-04-30 08:00:00+00:00,2024-04-30 07:00:00+00:00,Coastal Pad,Vela-3,51.6,53.8,36.9,65.9,20.8,1,53.1,0,1,2024-04-30 14:00:00+00:00
SIM-0362,2024-04-30 16:00:00+00:00,2024-04-30 15:00:00+00:00,Inland Pad,Lyra-2,32.7,48.6,14.1,52.8,30.6,2,8.0,0,0,2024-04-30 22:00:00+00:00
SIM-0363,2024-05-01 00:00:00+00:00,2024-04-30 23:00:00+00:00,Coastal Pad,Lyra-2,7.1,14.1,26.3,46.6,26.3,0,12.0,0,0,2024-05-01 06:00:00+00:00
SIM-0364,2024-05-01 08:00:00+00:00,2024-05-01 07:00:00+00:00,Inland Pad,Vela-3,15.4,29.4,8.5,,35.1,1,6.0,0,0,2024-05-01 14:00:00+00:00
SIM-0365,2024-05-01 16:00:00+00:00,2024-05-01 15:00:00+00:00,Coastal Pad,Lyra-2,45.1,49.2,47.5,46.7,20.9,1,101.9,0,1,2024-05-01 22:00:00+00:00
SIM-0366,2024-05-02 00:00:00+00:00,2024-05-01 23:00:00+00:00,Inland Pad,Lyra-2,0.0,30.7,30.1,54.9,25.9,3,84.8,0,1,2024-05-02 06:00:00+00:00
SIM-0367,2024-05-02 08:00:00+00:00,2024-05-02 07:00:00+00:00,Coastal Pad,Aster-1,32.5,19.1,7.3,44.4,24.4,1,9.0,0,0,2024-05-02 14:00:00+00:00
SIM-0368,2024-05-02 16:00:00+00:00,2024-05-02 15:00:00+00:00,Inland Pad,Aster-1,29.8,27.5,5.8,8.1,22.9,1,2.0,0,0,2024-05-02 22:00:00+00:00
SIM-0369,2024-05-03 00:00:00+00:00,2024-05-02 23:00:00+00:00,Inland Pad,Aster-1,29.0,,0.0,49.8,34.4,0,6.0,0,0,2024-05-03 06:00:00+00:00
SIM-0370,2024-05-03 08:00:00+00:00,2024-05-03 07:00:00+00:00,Coastal Pad,Vela-3,28.4,82.3,65.7,51.6,26.8,0,30.0,0,1,2024-05-03 14:00:00+00:00
SIM-0371,2024-05-03 16:00:00+00:00,2024-05-03 15:00:00+00:00,Inland Pad,Vela-3,29.1,26.9,60.1,72.1,31.8,0,32.6,0,1,2024-05-03 22:00:00+00:00
SIM-0372,2024-05-04 00:00:00+00:00,2024-05-03 23:00:00+00:00,Inland Pad,Aster-1,19.3,0.0,19.2,6.6,35.5,1,11.0,0,0,2024-05-04 06:00:00+00:00
SIM-0373,2024-05-04 08:00:00+00:00,2024-05-04 07:00:00+00:00,Coastal Pad,Lyra-2,33.2,13.9,0.0,64.6,,0,5.0,0,0,2024-05-04 14:00:00+00:00
SIM-0374,2024-05-04 16:00:00+00:00,2024-05-04 15:00:00+00:00,Inland Pad,Aster-1,30.7,60.2,32.4,82.5,29.3,2,113.7,0,1,2024-05-04 22:00:00+00:00
SIM-0375,2024-05-05 00:00:00+00:00,2024-05-04 23:00:00+00:00,Inland Pad,Lyra-2,5.1,17.7,0.0,,33.1,0,1.0,0,0,2024-05-05 06:00:00+00:00
SIM-0376,2024-05-05 08:00:00+00:00,2024-05-05 07:00:00+00:00,Coastal Pad,Vela-3,63.3,36.9,24.4,61.0,30.4,1,39.6,0,1,2024-05-05 14:00:00+00:00
SIM-0377,2024-05-05 16:00:00+00:00,2024-05-05 15:00:00+00:00,Coastal Pad,Lyra-2,35.9,32.4,7.6,20.9,35.1,0,13.0,0,0,2024-05-05 22:00:00+00:00
SIM-0378,2024-05-06 00:00:00+00:00,2024-05-05 23:00:00+00:00,Inland Pad,Vela-3,32.5,53.3,33.8,52.4,27.7,1,25.4,0,1,2024-05-06 06:00:00+00:00
SIM-0379,2024-05-06 08:00:00+00:00,2024-05-06 07:00:00+00:00,Coastal Pad,Aster-1,32.1,59.3,1.9,82.9,14.0,1,0.0,0,0,2024-05-06 14:00:00+00:00
SIM-0380,2024-05-06 16:00:00+00:00,2024-05-06 15:00:00+00:00,Coastal Pad,Aster-1,37.9,1.4,2.7,36.8,34.8,0,136.3,0,1,2024-05-06 22:00:00+00:00
SIM-0381,2024-05-07 00:00:00+00:00,2024-05-06 23:00:00+00:00,Inland Pad,Vela-3,36.6,70.2,46.5,71.7,11.3,0,1.0,0,0,2024-05-07 06:00:00+00:00
SIM-0382,2024-05-07 08:00:00+00:00,2024-05-07 07:00:00+00:00,Coastal Pad,Vela-3,37.7,27.2,8.2,,31.1,1,13.0,0,0,2024-05-07 14:00:00+00:00
SIM-0383,2024-05-07 16:00:00+00:00,2024-05-07 15:00:00+00:00,Inland Pad,Lyra-2,9.1,8.7,0.0,32.1,34.3,2,1.0,0,0,2024-05-07 22:00:00+00:00
SIM-0384,2024-05-08 00:00:00+00:00,2024-05-07 23:00:00+00:00,Inland Pad,Vela-3,1.6,5.4,0.0,32.0,19.2,2,9.0,0,0,2024-05-08 06:00:00+00:00
SIM-0385,2024-05-08 08:00:00+00:00,2024-05-08 07:00:00+00:00,Coastal Pad,Lyra-2,51.8,65.7,15.4,61.6,,0,,1,1,2024-05-08 14:00:00+00:00
SIM-0386,2024-05-08 16:00:00+00:00,2024-05-08 15:00:00+00:00,Coastal Pad,Vela-3,33.7,25.4,2.3,55.1,29.2,1,49.6,0,1,2024-05-08 22:00:00+00:00
SIM-0387,2024-05-09 00:00:00+00:00,2024-05-08 23:00:00+00:00,Inland Pad,Aster-1,35.7,58.1,,89.5,30.0,2,27.2,0,1,2024-05-09 06:00:00+00:00
SIM-0388,2024-05-09 08:00:00+00:00,2024-05-09 07:00:00+00:00,Inland Pad,Lyra-2,43.2,27.7,49.9,48.4,27.2,3,48.6,0,1,2024-05-09 14:00:00+00:00
SIM-0389,2024-05-09 16:00:00+00:00,2024-05-09 15:00:00+00:00,Inland Pad,Vela-3,24.7,28.6,10.2,52.5,,0,3.0,0,0,2024-05-09 22:00:00+00:00
SIM-0390,2024-05-10 00:00:00+00:00,2024-05-09 23:00:00+00:00,Inland Pad,Lyra-2,42.0,40.9,36.0,60.4,34.2,3,56.0,0,1,2024-05-10 06:00:00+00:00
SIM-0391,2024-05-10 08:00:00+00:00,2024-05-10 07:00:00+00:00,Coastal Pad,Aster-1,10.3,30.2,23.2,8.1,30.3,0,3.0,0,0,2024-05-10 14:00:00+00:00
SIM-0392,2024-05-10 16:00:00+00:00,2024-05-10 15:00:00+00:00,Coastal Pad,Aster-1,32.2,28.4,19.0,54.5,17.8,0,13.0,0,0,2024-05-10 22:00:00+00:00
SIM-0393,2024-05-11 00:00:00+00:00,2024-05-10 23:00:00+00:00,Coastal Pad,Lyra-2,28.2,21.9,0.0,5.2,32.6,1,4.0,0,0,2024-05-11 06:00:00+00:00
SIM-0394,2024-05-11 08:00:00+00:00,2024-05-11 07:00:00+00:00,Inland Pad,Lyra-2,43.7,62.8,19.4,49.8,9.8,1,55.2,0,1,2024-05-11 14:00:00+00:00
SIM-0395,2024-05-11 16:00:00+00:00,2024-05-11 15:00:00+00:00,Inland Pad,Lyra-2,18.9,9.8,,31.9,30.6,0,8.0,0,0,2024-05-11 22:00:00+00:00
SIM-0396,2024-05-12 00:00:00+00:00,2024-05-11 23:00:00+00:00,Coastal Pad,Lyra-2,65.0,,42.4,77.0,13.2,1,34.4,0,1,2024-05-12 06:00:00+00:00
SIM-0397,2024-05-12 08:00:00+00:00,2024-05-12 07:00:00+00:00,Inland Pad,Vela-3,0.0,25.5,0.0,31.7,30.3,0,10.0,0,0,2024-05-12 14:00:00+00:00
SIM-0398,2024-05-12 16:00:00+00:00,2024-05-12 15:00:00+00:00,Coastal Pad,Aster-1,44.7,16.7,24.4,53.6,28.7,0,1.0,0,0,2024-05-12 22:00:00+00:00
SIM-0399,2024-05-13 00:00:00+00:00,2024-05-12 23:00:00+00:00,Inland Pad,Vela-3,4.0,22.8,20.0,48.9,34.5,0,9.0,0,0,2024-05-13 06:00:00+00:00
SIM-0400,2024-05-13 08:00:00+00:00,2024-05-13 07:00:00+00:00,Coastal Pad,Aster-1,46.2,10.8,9.6,39.7,27.5,1,5.0,0,0,2024-05-13 14:00:00+00:00
SIM-0401,2024-05-13 16:00:00+00:00,2024-05-13 15:00:00+00:00,Inland Pad,Lyra-2,40.9,50.6,24.0,38.9,22.9,1,59.6,0,1,2024-05-13 22:00:00+00:00
SIM-0402,2024-05-14 00:00:00+00:00,2024-05-13 23:00:00+00:00,Inland Pad,Aster-1,27.0,57.6,45.7,73.9,17.1,1,38.4,0,1,2024-05-14 06:00:00+00:00
SIM-0403,2024-05-14 08:00:00+00:00,2024-05-14 07:00:00+00:00,Inland Pad,Vela-3,31.8,70.1,34.6,76.0,18.3,1,0.0,0,0,2024-05-14 14:00:00+00:00
SIM-0404,2024-05-14 16:00:00+00:00,2024-05-14 15:00:00+00:00,Inland Pad,Lyra-2,24.6,12.6,0.0,45.8,32.3,0,13.0,0,0,2024-05-14 22:00:00+00:00
SIM-0405,2024-05-15 00:00:00+00:00,2024-05-14 23:00:00+00:00,Coastal Pad,Vela-3,47.1,39.4,17.0,67.9,,1,45.8,0,1,2024-05-15 06:00:00+00:00
SIM-0406,2024-05-15 08:00:00+00:00,2024-05-15 07:00:00+00:00,Coastal Pad,Vela-3,26.0,14.7,50.1,16.0,30.0,4,,1,1,2024-05-15 14:00:00+00:00
SIM-0407,2024-05-15 16:00:00+00:00,2024-05-15 15:00:00+00:00,Inland Pad,Lyra-2,32.3,27.3,3.8,39.3,28.0,1,2.0,0,0,2024-05-15 22:00:00+00:00
SIM-0408,2024-05-16 00:00:00+00:00,2024-05-15 23:00:00+00:00,Inland Pad,Lyra-2,28.9,15.3,11.5,67.6,19.8,0,168.0,0,1,2024-05-16 06:00:00+00:00
SIM-0409,2024-05-16 08:00:00+00:00,2024-05-16 07:00:00+00:00,Coastal Pad,Lyra-2,39.3,0.0,38.8,30.4,27.7,1,,1,1,2024-05-16 14:00:00+00:00
SIM-0410,2024-05-16 16:00:00+00:00,2024-05-16 15:00:00+00:00,Inland Pad,Lyra-2,32.4,60.6,13.9,57.8,23.0,1,,1,1,2024-05-16 22:00:00+00:00
SIM-0411,2024-05-17 00:00:00+00:00,2024-05-16 23:00:00+00:00,Inland Pad,Vela-3,28.6,9.1,0.0,15.7,15.9,0,12.0,0,0,2024-05-17 06:00:00+00:00
SIM-0412,2024-05-17 08:00:00+00:00,2024-05-17 07:00:00+00:00,Inland Pad,Vela-3,39.8,29.0,10.6,69.4,30.5,0,6.0,0,0,2024-05-17 14:00:00+00:00
SIM-0413,2024-05-17 16:00:00+00:00,2024-05-17 15:00:00+00:00,Inland Pad,Lyra-2,40.8,42.6,35.3,60.0,22.0,0,52.6,0,1,2024-05-17 22:00:00+00:00
SIM-0414,2024-05-18 00:00:00+00:00,2024-05-17 23:00:00+00:00,Coastal Pad,Vela-3,45.4,45.8,14.7,44.1,23.2,0,0.0,0,0,2024-05-18 06:00:00+00:00
SIM-0415,2024-05-18 08:00:00+00:00,2024-05-18 07:00:00+00:00,Coastal Pad,Aster-1,37.0,60.7,46.0,,28.5,1,24.9,0,1,2024-05-18 14:00:00+00:00
SIM-0416,2024-05-18 16:00:00+00:00,2024-05-18 15:00:00+00:00,Coastal Pad,Lyra-2,33.9,23.6,37.7,11.0,24.4,1,25.7,0,1,2024-05-18 22:00:00+00:00
SIM-0417,2024-05-19 00:00:00+00:00,2024-05-18 23:00:00+00:00,Inland Pad,Vela-3,18.4,12.5,34.9,25.8,25.6,0,13.0,0,0,2024-05-19 06:00:00+00:00
SIM-0418,2024-05-19 08:00:00+00:00,2024-05-19 07:00:00+00:00,Inland Pad,Lyra-2,43.9,76.6,58.4,85.8,34.3,1,31.2,0,1,2024-05-19 14:00:00+00:00
SIM-0419,2024-05-19 16:00:00+00:00,2024-05-19 15:00:00+00:00,Coastal Pad,Lyra-2,21.4,55.9,10.2,25.1,28.2,0,12.0,0,0,2024-05-19 22:00:00+00:00
SIM-0420,2024-05-20 00:00:00+00:00,2024-05-19 23:00:00+00:00,Inland Pad,Vela-3,25.6,,0.0,24.6,32.0,0,10.0,0,0,2024-05-20 06:00:00+00:00
SIM-0421,2024-05-20 08:00:00+00:00,2024-05-20 07:00:00+00:00,Coastal Pad,Aster-1,34.7,39.8,10.4,30.9,9.2,1,21.7,0,1,2024-05-20 14:00:00+00:00
SIM-0422,2024-05-20 16:00:00+00:00,2024-05-20 15:00:00+00:00,Coastal Pad,Aster-1,41.0,,51.0,38.8,26.3,1,53.3,0,1,2024-05-20 22:00:00+00:00
SIM-0423,2024-05-21 00:00:00+00:00,2024-05-20 23:00:00+00:00,Coastal Pad,Lyra-2,42.2,49.2,24.9,55.3,28.4,0,78.0,0,1,2024-05-21 06:00:00+00:00
SIM-0424,2024-05-21 08:00:00+00:00,2024-05-21 07:00:00+00:00,Inland Pad,Lyra-2,37.3,16.6,26.9,25.2,24.0,1,32.1,0,1,2024-05-21 14:00:00+00:00
SIM-0425,2024-05-21 16:00:00+00:00,2024-05-21 15:00:00+00:00,Coastal Pad,Lyra-2,33.3,26.4,0.0,41.1,35.0,1,94.7,0,1,2024-05-21 22:00:00+00:00
SIM-0426,2024-05-22 00:00:00+00:00,2024-05-21 23:00:00+00:00,Coastal Pad,Vela-3,14.7,12.6,25.1,42.5,20.5,0,3.0,0,0,2024-05-22 06:00:00+00:00
SIM-0427,2024-05-22 08:00:00+00:00,2024-05-22 07:00:00+00:00,Inland Pad,Lyra-2,23.9,24.4,23.4,57.8,29.2,0,1.0,0,0,2024-05-22 14:00:00+00:00
SIM-0428,2024-05-22 16:00:00+00:00,2024-05-22 15:00:00+00:00,Coastal Pad,Lyra-2,33.1,30.5,0.0,19.0,25.2,0,14.0,0,0,2024-05-22 22:00:00+00:00
SIM-0429,2024-05-23 00:00:00+00:00,2024-05-22 23:00:00+00:00,Inland Pad,Aster-1,29.0,6.2,19.0,36.7,18.7,1,,1,1,2024-05-23 06:00:00+00:00
SIM-0430,2024-05-23 08:00:00+00:00,2024-05-23 07:00:00+00:00,Coastal Pad,Vela-3,29.2,43.2,36.7,46.1,24.8,1,63.0,0,1,2024-05-23 14:00:00+00:00
SIM-0431,2024-05-23 16:00:00+00:00,2024-05-23 15:00:00+00:00,Coastal Pad,Lyra-2,29.7,45.0,,54.6,23.1,0,2.0,0,0,2024-05-23 22:00:00+00:00
SIM-0432,2024-05-24 00:00:00+00:00,2024-05-23 23:00:00+00:00,Coastal Pad,Vela-3,34.6,66.8,33.0,55.5,30.2,0,81.3,0,1,2024-05-24 06:00:00+00:00
SIM-0433,2024-05-24 08:00:00+00:00,2024-05-24 07:00:00+00:00,Coastal Pad,Aster-1,17.3,21.8,13.1,62.6,25.9,0,3.0,0,0,2024-05-24 14:00:00+00:00
SIM-0434,2024-05-24 16:00:00+00:00,2024-05-24 15:00:00+00:00,Coastal Pad,Vela-3,27.6,11.4,0.0,48.1,33.5,1,8.0,0,0,2024-05-24 22:00:00+00:00
SIM-0435,2024-05-25 00:00:00+00:00,2024-05-24 23:00:00+00:00,Coastal Pad,Vela-3,43.6,0.0,1.8,44.7,21.3,0,8.0,0,0,2024-05-25 06:00:00+00:00
SIM-0436,2024-05-25 08:00:00+00:00,2024-05-25 07:00:00+00:00,Inland Pad,Lyra-2,11.5,36.0,0.0,58.4,24.9,2,8.0,0,0,2024-05-25 14:00:00+00:00
SIM-0437,2024-05-25 16:00:00+00:00,2024-05-25 15:00:00+00:00,Coastal Pad,Vela-3,24.7,48.2,57.1,56.3,11.7,0,5.0,0,0,2024-05-25 22:00:00+00:00
SIM-0438,2024-05-26 00:00:00+00:00,2024-05-25 23:00:00+00:00,Inland Pad,Vela-3,36.4,8.3,13.7,,,0,15.0,0,0,2024-05-26 06:00:00+00:00
SIM-0439,2024-05-26 08:00:00+00:00,2024-05-26 07:00:00+00:00,Inland Pad,Vela-3,28.8,35.9,22.4,53.0,13.9,1,13.0,0,0,2024-05-26 14:00:00+00:00
SIM-0440,2024-05-26 16:00:00+00:00,2024-05-26 15:00:00+00:00,Coastal Pad,Vela-3,55.6,44.2,27.5,72.2,33.4,0,2.0,0,0,2024-05-26 22:00:00+00:00
SIM-0441,2024-05-27 00:00:00+00:00,2024-05-26 23:00:00+00:00,Coastal Pad,Aster-1,19.2,35.6,27.6,59.4,25.6,0,12.0,0,0,2024-05-27 06:00:00+00:00
SIM-0442,2024-05-27 08:00:00+00:00,2024-05-27 07:00:00+00:00,Coastal Pad,Lyra-2,46.5,16.8,30.1,53.0,,1,63.3,0,1,2024-05-27 14:00:00+00:00
SIM-0443,2024-05-27 16:00:00+00:00,2024-05-27 15:00:00+00:00,Inland Pad,Vela-3,33.8,35.8,40.1,75.0,29.1,0,7.0,0,0,2024-05-27 22:00:00+00:00
SIM-0444,2024-05-28 00:00:00+00:00,2024-05-27 23:00:00+00:00,Coastal Pad,Aster-1,16.7,1.8,32.1,42.6,28.1,1,9.0,0,0,2024-05-28 06:00:00+00:00
SIM-0445,2024-05-28 08:00:00+00:00,2024-05-28 07:00:00+00:00,Coastal Pad,Vela-3,35.2,0.0,0.0,,15.3,0,4.0,0,0,2024-05-28 14:00:00+00:00
SIM-0446,2024-05-28 16:00:00+00:00,2024-05-28 15:00:00+00:00,Inland Pad,Vela-3,,41.3,18.8,50.9,29.7,2,56.2,0,1,2024-05-28 22:00:00+00:00
SIM-0447,2024-05-29 00:00:00+00:00,2024-05-28 23:00:00+00:00,Inland Pad,Vela-3,41.6,54.5,24.5,68.6,37.2,1,50.5,0,1,2024-05-29 06:00:00+00:00
SIM-0448,2024-05-29 08:00:00+00:00,2024-05-29 07:00:00+00:00,Inland Pad,Lyra-2,33.7,44.1,18.0,39.3,14.5,0,12.0,0,0,2024-05-29 14:00:00+00:00
SIM-0449,2024-05-29 16:00:00+00:00,2024-05-29 15:00:00+00:00,Inland Pad,Vela-3,23.9,15.8,28.1,52.7,27.3,1,13.0,0,0,2024-05-29 22:00:00+00:00
SIM-0450,2024-05-30 00:00:00+00:00,2024-05-29 23:00:00+00:00,Coastal Pad,Aster-1,17.7,37.6,,54.2,34.2,2,1.0,0,0,2024-05-30 06:00:00+00:00
SIM-0451,2024-05-30 08:00:00+00:00,2024-05-30 07:00:00+00:00,Coastal Pad,Aster-1,14.6,32.7,5.5,37.6,24.8,0,5.0,0,0,2024-05-30 14:00:00+00:00
SIM-0452,2024-05-30 16:00:00+00:00,2024-05-30 15:00:00+00:00,Coastal Pad,Aster-1,26.5,0.0,5.2,54.4,14.9,1,10.0,0,0,2024-05-30 22:00:00+00:00
SIM-0453,2024-05-31 00:00:00+00:00,2024-05-30 23:00:00+00:00,Inland Pad,Vela-3,36.1,0.0,19.5,61.2,,2,20.6,0,1,2024-05-31 06:00:00+00:00
SIM-0454,2024-05-31 08:00:00+00:00,2024-05-31 07:00:00+00:00,Inland Pad,Lyra-2,34.2,87.1,58.3,57.7,29.2,0,38.7,0,1,2024-05-31 14:00:00+00:00
SIM-0455,2024-05-31 16:00:00+00:00,2024-05-31 15:00:00+00:00,Coastal Pad,Vela-3,49.3,0.9,0.0,41.0,21.6,0,31.3,0,1,2024-05-31 22:00:00+00:00
SIM-0456,2024-06-01 00:00:00+00:00,2024-05-31 23:00:00+00:00,Inland Pad,Lyra-2,16.9,35.7,6.0,32.0,11.4,0,0.0,0,0,2024-06-01 06:00:00+00:00
SIM-0457,2024-06-01 08:00:00+00:00,2024-06-01 07:00:00+00:00,Coastal Pad,Vela-3,23.7,32.8,40.9,60.5,13.6,1,11.0,0,0,2024-06-01 14:00:00+00:00
SIM-0458,2024-06-01 16:00:00+00:00,2024-06-01 15:00:00+00:00,Inland Pad,Lyra-2,26.6,,21.5,29.5,18.2,1,2.0,0,0,2024-06-01 22:00:00+00:00
SIM-0459,2024-06-02 00:00:00+00:00,2024-06-01 23:00:00+00:00,Coastal Pad,Lyra-2,27.9,11.7,,19.9,32.6,1,0.0,0,0,2024-06-02 06:00:00+00:00
SIM-0460,2024-06-02 08:00:00+00:00,2024-06-02 07:00:00+00:00,Inland Pad,Lyra-2,51.5,,56.8,57.1,20.3,2,,1,1,2024-06-02 14:00:00+00:00
SIM-0461,2024-06-02 16:00:00+00:00,2024-06-02 15:00:00+00:00,Inland Pad,Vela-3,37.0,45.6,27.5,56.1,23.9,0,15.0,0,0,2024-06-02 22:00:00+00:00
SIM-0462,2024-06-03 00:00:00+00:00,2024-06-02 23:00:00+00:00,Coastal Pad,Aster-1,37.0,32.4,27.0,57.1,27.7,0,15.0,0,0,2024-06-03 06:00:00+00:00
SIM-0463,2024-06-03 08:00:00+00:00,2024-06-03 07:00:00+00:00,Coastal Pad,Vela-3,29.4,51.7,20.6,59.7,12.1,1,6.0,0,0,2024-06-03 14:00:00+00:00
SIM-0464,2024-06-03 16:00:00+00:00,2024-06-03 15:00:00+00:00,Coastal Pad,Vela-3,43.6,,20.2,69.1,23.7,0,4.0,0,0,2024-06-03 22:00:00+00:00
SIM-0465,2024-06-04 00:00:00+00:00,2024-06-03 23:00:00+00:00,Inland Pad,Aster-1,56.6,28.7,27.0,59.5,23.4,1,95.5,0,1,2024-06-04 06:00:00+00:00
SIM-0466,2024-06-04 08:00:00+00:00,2024-06-04 07:00:00+00:00,Inland Pad,Aster-1,26.8,18.2,19.8,36.2,26.7,2,79.4,0,1,2024-06-04 14:00:00+00:00
SIM-0467,2024-06-04 16:00:00+00:00,2024-06-04 15:00:00+00:00,Inland Pad,Vela-3,16.6,31.0,,32.2,24.3,0,8.0,0,0,2024-06-04 22:00:00+00:00
SIM-0468,2024-06-05 00:00:00+00:00,2024-06-04 23:00:00+00:00,Inland Pad,Vela-3,17.9,81.0,23.9,35.8,20.1,1,47.5,0,1,2024-06-05 06:00:00+00:00
SIM-0469,2024-06-05 08:00:00+00:00,2024-06-05 07:00:00+00:00,Inland Pad,Lyra-2,22.6,14.8,0.0,33.2,22.9,0,10.0,0,0,2024-06-05 14:00:00+00:00
SIM-0470,2024-06-05 16:00:00+00:00,2024-06-05 15:00:00+00:00,Coastal Pad,Aster-1,41.5,58.4,28.8,72.8,24.3,1,12.0,0,0,2024-06-05 22:00:00+00:00
SIM-0471,2024-06-06 00:00:00+00:00,2024-06-05 23:00:00+00:00,Inland Pad,Aster-1,27.4,70.9,49.9,53.1,19.4,0,15.0,0,0,2024-06-06 06:00:00+00:00
SIM-0472,2024-06-06 08:00:00+00:00,2024-06-06 07:00:00+00:00,Coastal Pad,Lyra-2,26.0,11.2,18.8,54.9,35.3,1,12.0,0,0,2024-06-06 14:00:00+00:00
SIM-0473,2024-06-06 16:00:00+00:00,2024-06-06 15:00:00+00:00,Coastal Pad,Vela-3,37.6,75.2,44.8,64.6,30.7,1,68.5,0,1,2024-06-06 22:00:00+00:00
SIM-0474,2024-06-07 00:00:00+00:00,2024-06-06 23:00:00+00:00,Coastal Pad,Vela-3,51.9,,12.6,75.5,28.3,0,3.0,0,0,2024-06-07 06:00:00+00:00
SIM-0475,2024-06-07 08:00:00+00:00,2024-06-07 07:00:00+00:00,Inland Pad,Aster-1,20.9,46.5,64.4,89.3,22.5,0,52.3,0,1,2024-06-07 14:00:00+00:00
SIM-0476,2024-06-07 16:00:00+00:00,2024-06-07 15:00:00+00:00,Inland Pad,Lyra-2,34.0,79.6,50.2,95.9,21.7,0,,1,1,2024-06-07 22:00:00+00:00
SIM-0477,2024-06-08 00:00:00+00:00,2024-06-07 23:00:00+00:00,Inland Pad,Vela-3,40.8,49.4,13.8,30.4,31.3,0,13.0,0,0,2024-06-08 06:00:00+00:00
SIM-0478,2024-06-08 08:00:00+00:00,2024-06-08 07:00:00+00:00,Coastal Pad,Vela-3,52.6,24.7,38.7,72.0,26.2,1,81.0,0,1,2024-06-08 14:00:00+00:00
SIM-0479,2024-06-08 16:00:00+00:00,2024-06-08 15:00:00+00:00,Coastal Pad,Lyra-2,22.5,25.7,22.7,27.5,21.8,0,11.0,0,0,2024-06-08 22:00:00+00:00
SIM-0480,2024-06-09 00:00:00+00:00,2024-06-08 23:00:00+00:00,Coastal Pad,Aster-1,32.0,44.1,21.4,43.5,27.7,2,27.2,0,1,2024-06-09 06:00:00+00:00
SIM-0481,2024-06-09 08:00:00+00:00,2024-06-09 07:00:00+00:00,Inland Pad,Vela-3,57.6,74.7,19.0,,26.5,1,98.8,0,1,2024-06-09 14:00:00+00:00
SIM-0482,2024-06-09 16:00:00+00:00,2024-06-09 15:00:00+00:00,Inland Pad,Vela-3,51.8,77.7,49.9,50.3,26.1,0,76.1,0,1,2024-06-09 22:00:00+00:00
SIM-0483,2024-06-10 00:00:00+00:00,2024-06-09 23:00:00+00:00,Coastal Pad,Lyra-2,25.6,32.6,33.1,60.2,19.5,1,73.5,0,1,2024-06-10 06:00:00+00:00
SIM-0484,2024-06-10 08:00:00+00:00,2024-06-10 07:00:00+00:00,Inland Pad,Lyra-2,19.6,41.7,19.9,70.5,18.6,1,5.0,0,0,2024-06-10 14:00:00+00:00
SIM-0485,2024-06-10 16:00:00+00:00,2024-06-10 15:00:00+00:00,Inland Pad,Aster-1,36.9,78.8,59.7,80.9,20.3,1,51.6,0,1,2024-06-10 22:00:00+00:00
SIM-0486,2024-06-11 00:00:00+00:00,2024-06-10 23:00:00+00:00,Inland Pad,Vela-3,16.4,0.5,5.8,34.1,20.2,1,7.0,0,0,2024-06-11 06:00:00+00:00
SIM-0487,2024-06-11 08:00:00+00:00,2024-06-11 07:00:00+00:00,Coastal Pad,Lyra-2,30.7,52.8,29.4,40.4,17.5,0,12.0,0,0,2024-06-11 14:00:00+00:00
SIM-0488,2024-06-11 16:00:00+00:00,2024-06-11 15:00:00+00:00,Coastal Pad,Vela-3,44.6,56.3,26.4,59.0,29.0,0,11.0,0,0,2024-06-11 22:00:00+00:00
SIM-0489,2024-06-12 00:00:00+00:00,2024-06-11 23:00:00+00:00,Inland Pad,Aster-1,8.8,45.4,7.9,65.1,23.8,0,15.0,0,0,2024-06-12 06:00:00+00:00
SIM-0490,2024-06-12 08:00:00+00:00,2024-06-12 07:00:00+00:00,Coastal Pad,Vela-3,,51.4,28.0,63.2,23.8,1,,1,1,2024-06-12 14:00:00+00:00
SIM-0491,2024-06-12 16:00:00+00:00,2024-06-12 15:00:00+00:00,Coastal Pad,Vela-3,37.2,24.9,32.3,33.3,25.7,0,9.0,0,0,2024-06-12 22:00:00+00:00
SIM-0492,2024-06-13 00:00:00+00:00,2024-06-12 23:00:00+00:00,Coastal Pad,Vela-3,28.6,26.2,0.0,26.7,13.9,2,51.3,0,1,2024-06-13 06:00:00+00:00
SIM-0493,2024-06-13 08:00:00+00:00,2024-06-13 07:00:00+00:00,Coastal Pad,Aster-1,41.2,6.3,32.5,16.2,29.7,0,14.0,0,0,2024-06-13 14:00:00+00:00
SIM-0494,2024-06-13 16:00:00+00:00,2024-06-13 15:00:00+00:00,Coastal Pad,Vela-3,23.2,20.4,14.3,28.3,25.0,0,6.0,0,0,2024-06-13 22:00:00+00:00
SIM-0495,2024-06-14 00:00:00+00:00,2024-06-13 23:00:00+00:00,Coastal Pad,Lyra-2,32.5,42.6,0.0,42.8,18.8,0,3.0,0,0,2024-06-14 06:00:00+00:00
SIM-0496,2024-06-14 08:00:00+00:00,2024-06-14 07:00:00+00:00,Coastal Pad,Vela-3,14.4,46.7,11.9,,22.9,1,54.2,0,1,2024-06-14 14:00:00+00:00
SIM-0497,2024-06-14 16:00:00+00:00,2024-06-14 15:00:00+00:00,Inland Pad,Aster-1,0.0,74.8,48.8,39.5,29.3,0,74.8,0,1,2024-06-14 22:00:00+00:00
SIM-0498,2024-06-15 00:00:00+00:00,2024-06-14 23:00:00+00:00,Coastal Pad,Lyra-2,29.7,71.8,18.7,75.5,22.3,0,5.0,0,0,2024-06-15 06:00:00+00:00
SIM-0499,2024-06-15 08:00:00+00:00,2024-06-15 07:00:00+00:00,Coastal Pad,Aster-1,32.6,18.4,5.0,67.6,34.1,1,9.0,0,0,2024-06-15 14:00:00+00:00
SIM-0500,2024-06-15 16:00:00+00:00,2024-06-15 15:00:00+00:00,Coastal Pad,Lyra-2,29.4,6.0,19.2,30.4,34.7,0,63.0,0,1,2024-06-15 22:00:00+00:00
SIM-0501,2024-06-16 00:00:00+00:00,2024-06-15 23:00:00+00:00,Inland Pad,Vela-3,25.1,30.9,45.5,39.8,35.0,0,5.0,0,0,2024-06-16 06:00:00+00:00
SIM-0502,2024-06-16 08:00:00+00:00,2024-06-16 07:00:00+00:00,Inland Pad,Lyra-2,23.4,14.7,0.0,,29.1,1,4.0,0,0,2024-06-16 14:00:00+00:00
SIM-0503,2024-06-16 16:00:00+00:00,2024-06-16 15:00:00+00:00,Coastal Pad,Aster-1,30.8,26.5,,54.5,30.2,1,37.7,0,1,2024-06-16 22:00:00+00:00
SIM-0504,2024-06-17 00:00:00+00:00,2024-06-16 23:00:00+00:00,Coastal Pad,Lyra-2,31.6,21.2,26.6,34.0,15.6,1,7.0,0,0,2024-06-17 06:00:00+00:00
SIM-0505,2024-06-17 08:00:00+00:00,2024-06-17 07:00:00+00:00,Coastal Pad,Lyra-2,22.9,17.8,8.9,28.4,,2,45.4,0,1,2024-06-17 14:00:00+00:00
SIM-0506,2024-06-17 16:00:00+00:00,2024-06-17 15:00:00+00:00,Coastal Pad,Lyra-2,10.7,25.3,1.3,44.3,,1,7.0,0,0,2024-06-17 22:00:00+00:00
SIM-0507,2024-06-18 00:00:00+00:00,2024-06-17 23:00:00+00:00,Coastal Pad,Vela-3,39.6,10.5,5.2,39.1,28.8,0,9.0,0,0,2024-06-18 06:00:00+00:00
SIM-0508,2024-06-18 08:00:00+00:00,2024-06-18 07:00:00+00:00,Inland Pad,Aster-1,12.1,34.6,20.4,21.4,12.6,0,13.0,0,0,2024-06-18 14:00:00+00:00
SIM-0509,2024-06-18 16:00:00+00:00,2024-06-18 15:00:00+00:00,Coastal Pad,Aster-1,47.8,,7.5,39.7,24.9,2,68.9,0,1,2024-06-18 22:00:00+00:00
SIM-0510,2024-06-19 00:00:00+00:00,2024-06-18 23:00:00+00:00,Inland Pad,Aster-1,14.3,16.1,5.9,54.1,22.7,0,2.0,0,0,2024-06-19 06:00:00+00:00
SIM-0511,2024-06-19 08:00:00+00:00,2024-06-19 07:00:00+00:00,Inland Pad,Vela-3,20.6,17.2,0.0,22.8,28.3,0,2.0,0,0,2024-06-19 14:00:00+00:00
SIM-0512,2024-06-19 16:00:00+00:00,2024-06-19 15:00:00+00:00,Inland Pad,Lyra-2,42.5,17.3,41.7,83.3,21.7,0,3.0,0,0,2024-06-19 22:00:00+00:00
SIM-0513,2024-06-20 00:00:00+00:00,2024-06-19 23:00:00+00:00,Coastal Pad,Aster-1,27.2,30.0,0.3,26.6,23.5,2,4.0,0,0,2024-06-20 06:00:00+00:00
SIM-0514,2024-06-20 08:00:00+00:00,2024-06-20 07:00:00+00:00,Coastal Pad,Aster-1,21.3,45.2,23.0,83.6,25.2,0,9.0,0,0,2024-06-20 14:00:00+00:00
SIM-0515,2024-06-20 16:00:00+00:00,2024-06-20 15:00:00+00:00,Coastal Pad,Vela-3,35.2,48.0,24.1,54.0,23.6,0,7.0,0,0,2024-06-20 22:00:00+00:00
SIM-0516,2024-06-21 00:00:00+00:00,2024-06-20 23:00:00+00:00,Inland Pad,Vela-3,41.2,38.7,33.8,84.7,27.1,0,42.7,0,1,2024-06-21 06:00:00+00:00
SIM-0517,2024-06-21 08:00:00+00:00,2024-06-21 07:00:00+00:00,Coastal Pad,Lyra-2,31.5,8.9,27.4,42.5,18.9,0,8.0,0,0,2024-06-21 14:00:00+00:00
SIM-0518,2024-06-21 16:00:00+00:00,2024-06-21 15:00:00+00:00,Inland Pad,Vela-3,24.1,3.4,12.0,35.6,26.8,0,3.0,0,0,2024-06-21 22:00:00+00:00
SIM-0519,2024-06-22 00:00:00+00:00,2024-06-21 23:00:00+00:00,Coastal Pad,Vela-3,35.3,31.1,34.5,43.2,26.6,0,10.0,0,0,2024-06-22 06:00:00+00:00
SIM-0520,2024-06-22 08:00:00+00:00,2024-06-22 07:00:00+00:00,Inland Pad,Aster-1,39.9,9.0,0.0,27.0,19.7,1,3.0,0,0,2024-06-22 14:00:00+00:00
SIM-0521,2024-06-22 16:00:00+00:00,2024-06-22 15:00:00+00:00,Coastal Pad,Aster-1,20.0,17.3,47.6,30.0,,0,12.0,0,0,2024-06-22 22:00:00+00:00
SIM-0522,2024-06-23 00:00:00+00:00,2024-06-22 23:00:00+00:00,Inland Pad,Vela-3,41.2,66.9,36.4,,30.0,3,95.0,0,1,2024-06-23 06:00:00+00:00
SIM-0523,2024-06-23 08:00:00+00:00,2024-06-23 07:00:00+00:00,Inland Pad,Aster-1,62.7,69.1,67.6,85.0,26.1,1,27.8,0,1,2024-06-23 14:00:00+00:00
SIM-0524,2024-06-23 16:00:00+00:00,2024-06-23 15:00:00+00:00,Inland Pad,Lyra-2,25.2,7.9,0.0,22.8,28.4,1,2.0,0,0,2024-06-23 22:00:00+00:00
SIM-0525,2024-06-24 00:00:00+00:00,2024-06-23 23:00:00+00:00,Coastal Pad,Aster-1,40.1,0.0,2.5,54.2,19.5,1,3.0,0,0,2024-06-24 06:00:00+00:00
SIM-0526,2024-06-24 08:00:00+00:00,2024-06-24 07:00:00+00:00,Coastal Pad,Vela-3,19.9,19.0,5.3,25.6,35.4,1,12.0,0,0,2024-06-24 14:00:00+00:00
SIM-0527,2024-06-24 16:00:00+00:00,2024-06-24 15:00:00+00:00,Coastal Pad,Aster-1,32.9,50.1,32.0,68.2,17.9,0,66.3,0,1,2024-06-24 22:00:00+00:00
SIM-0528,2024-06-25 00:00:00+00:00,2024-06-24 23:00:00+00:00,Inland Pad,Aster-1,30.1,20.3,0.0,50.1,25.3,0,7.0,0,0,2024-06-25 06:00:00+00:00
SIM-0529,2024-06-25 08:00:00+00:00,2024-06-25 07:00:00+00:00,Coastal Pad,Lyra-2,30.2,6.2,27.9,26.8,22.3,1,47.1,0,1,2024-06-25 14:00:00+00:00
SIM-0530,2024-06-25 16:00:00+00:00,2024-06-25 15:00:00+00:00,Inland Pad,Lyra-2,13.7,26.0,1.7,50.1,24.9,1,10.0,0,0,2024-06-25 22:00:00+00:00
SIM-0531,2024-06-26 00:00:00+00:00,2024-06-25 23:00:00+00:00,Inland Pad,Lyra-2,42.6,51.4,48.7,54.8,32.1,2,,1,1,2024-06-26 06:00:00+00:00
SIM-0532,2024-06-26 08:00:00+00:00,2024-06-26 07:00:00+00:00,Coastal Pad,Lyra-2,24.3,10.1,0.0,23.0,31.0,1,1.0,0,0,2024-06-26 14:00:00+00:00
SIM-0533,2024-06-26 16:00:00+00:00,2024-06-26 15:00:00+00:00,Inland Pad,Aster-1,35.5,28.7,19.7,61.0,29.1,0,9.0,0,0,2024-06-26 22:00:00+00:00
SIM-0534,2024-06-27 00:00:00+00:00,2024-06-26 23:00:00+00:00,Inland Pad,Vela-3,30.7,44.5,41.8,49.9,28.9,1,63.3,0,1,2024-06-27 06:00:00+00:00
SIM-0535,2024-06-27 08:00:00+00:00,2024-06-27 07:00:00+00:00,Coastal Pad,Vela-3,44.7,5.1,0.0,9.9,36.1,1,,1,1,2024-06-27 14:00:00+00:00
SIM-0536,2024-06-27 16:00:00+00:00,2024-06-27 15:00:00+00:00,Coastal Pad,Aster-1,30.3,12.1,27.6,33.6,11.3,0,7.0,0,0,2024-06-27 22:00:00+00:00
SIM-0537,2024-06-28 00:00:00+00:00,2024-06-27 23:00:00+00:00,Inland Pad,Aster-1,15.9,21.1,13.4,47.4,,2,0.0,0,0,2024-06-28 06:00:00+00:00
SIM-0538,2024-06-28 08:00:00+00:00,2024-06-28 07:00:00+00:00,Inland Pad,Lyra-2,45.1,32.0,23.8,50.2,24.2,0,8.0,0,0,2024-06-28 14:00:00+00:00
SIM-0539,2024-06-28 16:00:00+00:00,2024-06-28 15:00:00+00:00,Coastal Pad,Lyra-2,20.1,45.9,,61.0,14.6,0,49.6,0,1,2024-06-28 22:00:00+00:00
SIM-0540,2024-06-29 00:00:00+00:00,2024-06-28 23:00:00+00:00,Inland Pad,Vela-3,29.2,34.2,58.7,73.6,,2,115.0,0,1,2024-06-29 06:00:00+00:00
SIM-0541,2024-06-29 08:00:00+00:00,2024-06-29 07:00:00+00:00,Coastal Pad,Vela-3,25.6,9.8,35.5,45.1,,0,2.0,0,0,2024-06-29 14:00:00+00:00
SIM-0542,2024-06-29 16:00:00+00:00,2024-06-29 15:00:00+00:00,Coastal Pad,Vela-3,49.5,60.8,30.7,82.1,25.9,1,68.0,0,1,2024-06-29 22:00:00+00:00
SIM-0543,2024-06-30 00:00:00+00:00,2024-06-29 23:00:00+00:00,Coastal Pad,Lyra-2,48.5,81.7,26.1,97.3,24.7,3,,1,1,2024-06-30 06:00:00+00:00
SIM-0544,2024-06-30 08:00:00+00:00,2024-06-30 07:00:00+00:00,Inland Pad,Aster-1,30.4,27.4,0.0,50.1,28.5,1,92.2,0,1,2024-06-30 14:00:00+00:00
SIM-0545,2024-06-30 16:00:00+00:00,2024-06-30 15:00:00+00:00,Inland Pad,Vela-3,51.8,48.5,33.8,49.2,28.6,1,78.6,0,1,2024-06-30 22:00:00+00:00
SIM-0546,2024-07-01 00:00:00+00:00,2024-06-30 23:00:00+00:00,Inland Pad,Vela-3,27.8,15.7,3.2,37.3,20.2,1,1.0,0,0,2024-07-01 06:00:00+00:00
SIM-0547,2024-07-01 08:00:00+00:00,2024-07-01 07:00:00+00:00,Inland Pad,Vela-3,11.9,0.0,21.3,26.1,20.2,1,11.0,0,0,2024-07-01 14:00:00+00:00
SIM-0548,2024-07-01 16:00:00+00:00,2024-07-01 15:00:00+00:00,Inland Pad,Aster-1,9.7,14.8,0.0,20.0,25.8,0,9.0,0,0,2024-07-01 22:00:00+00:00
SIM-0549,2024-07-02 00:00:00+00:00,2024-07-01 23:00:00+00:00,Coastal Pad,Lyra-2,16.7,37.5,0.0,60.0,25.3,0,7.0,0,0,2024-07-02 06:00:00+00:00
SIM-0550,2024-07-02 08:00:00+00:00,2024-07-02 07:00:00+00:00,Coastal Pad,Aster-1,35.2,29.4,25.9,57.1,21.6,1,5.0,0,0,2024-07-02 14:00:00+00:00
SIM-0551,2024-07-02 16:00:00+00:00,2024-07-02 15:00:00+00:00,Inland Pad,Vela-3,30.2,42.9,45.2,48.2,16.9,0,48.8,0,1,2024-07-02 22:00:00+00:00
SIM-0552,2024-07-03 00:00:00+00:00,2024-07-02 23:00:00+00:00,Inland Pad,Aster-1,39.3,78.5,,73.5,14.1,0,26.3,0,1,2024-07-03 06:00:00+00:00
SIM-0553,2024-07-03 08:00:00+00:00,2024-07-03 07:00:00+00:00,Coastal Pad,Vela-3,36.4,16.9,10.8,33.7,25.9,0,7.0,0,0,2024-07-03 14:00:00+00:00
SIM-0554,2024-07-03 16:00:00+00:00,2024-07-03 15:00:00+00:00,Coastal Pad,Vela-3,32.1,13.5,0.0,49.5,40.8,1,4.0,0,0,2024-07-03 22:00:00+00:00
SIM-0555,2024-07-04 00:00:00+00:00,2024-07-03 23:00:00+00:00,Inland Pad,Lyra-2,49.0,39.4,,47.1,33.0,1,39.0,0,1,2024-07-04 06:00:00+00:00
SIM-0556,2024-07-04 08:00:00+00:00,2024-07-04 07:00:00+00:00,Coastal Pad,Vela-3,34.2,6.1,,63.8,26.0,1,94.9,0,1,2024-07-04 14:00:00+00:00
SIM-0557,2024-07-04 16:00:00+00:00,2024-07-04 15:00:00+00:00,Inland Pad,Aster-1,18.5,38.0,17.7,30.7,42.0,0,3.0,0,0,2024-07-04 22:00:00+00:00
SIM-0558,2024-07-05 00:00:00+00:00,2024-07-04 23:00:00+00:00,Coastal Pad,Vela-3,31.6,39.4,36.7,47.5,17.9,0,15.0,0,0,2024-07-05 06:00:00+00:00
SIM-0559,2024-07-05 08:00:00+00:00,2024-07-05 07:00:00+00:00,Inland Pad,Lyra-2,29.6,79.8,56.9,64.1,19.2,2,38.2,0,1,2024-07-05 14:00:00+00:00
SIM-0560,2024-07-05 16:00:00+00:00,2024-07-05 15:00:00+00:00,Coastal Pad,Vela-3,29.3,10.2,17.1,38.6,22.9,0,1.0,0,0,2024-07-05 22:00:00+00:00
SIM-0561,2024-07-06 00:00:00+00:00,2024-07-05 23:00:00+00:00,Coastal Pad,Aster-1,12.3,2.7,0.0,34.7,28.1,1,11.0,0,0,2024-07-06 06:00:00+00:00
SIM-0562,2024-07-06 08:00:00+00:00,2024-07-06 07:00:00+00:00,Inland Pad,Vela-3,36.8,12.4,22.7,30.1,36.9,0,12.0,0,0,2024-07-06 14:00:00+00:00
SIM-0563,2024-07-06 16:00:00+00:00,2024-07-06 15:00:00+00:00,Inland Pad,Aster-1,15.0,17.4,25.9,69.5,19.3,0,15.0,0,0,2024-07-06 22:00:00+00:00
SIM-0564,2024-07-07 00:00:00+00:00,2024-07-06 23:00:00+00:00,Coastal Pad,Vela-3,36.8,16.5,,47.6,,0,0.0,0,0,2024-07-07 06:00:00+00:00
SIM-0565,2024-07-07 08:00:00+00:00,2024-07-07 07:00:00+00:00,Coastal Pad,Aster-1,40.8,13.8,17.6,16.6,38.7,0,3.0,0,0,2024-07-07 14:00:00+00:00
SIM-0566,2024-07-07 16:00:00+00:00,2024-07-07 15:00:00+00:00,Coastal Pad,Lyra-2,39.3,42.6,0.0,38.3,13.7,0,64.7,0,1,2024-07-07 22:00:00+00:00
SIM-0567,2024-07-08 00:00:00+00:00,2024-07-07 23:00:00+00:00,Inland Pad,Vela-3,26.9,19.3,0.0,10.8,29.3,1,13.0,0,0,2024-07-08 06:00:00+00:00
SIM-0568,2024-07-08 08:00:00+00:00,2024-07-08 07:00:00+00:00,Inland Pad,Lyra-2,26.7,32.4,16.2,64.6,24.9,0,0.0,0,0,2024-07-08 14:00:00+00:00
SIM-0569,2024-07-08 16:00:00+00:00,2024-07-08 15:00:00+00:00,Coastal Pad,Lyra-2,48.6,0.0,18.5,20.7,30.3,0,117.7,0,1,2024-07-08 22:00:00+00:00
SIM-0570,2024-07-09 00:00:00+00:00,2024-07-08 23:00:00+00:00,Inland Pad,Vela-3,35.2,5.0,30.9,45.7,15.6,0,10.0,0,0,2024-07-09 06:00:00+00:00
SIM-0571,2024-07-09 08:00:00+00:00,2024-07-09 07:00:00+00:00,Inland Pad,Lyra-2,14.2,20.1,20.9,46.3,33.4,0,12.0,0,0,2024-07-09 14:00:00+00:00
SIM-0572,2024-07-09 16:00:00+00:00,2024-07-09 15:00:00+00:00,Inland Pad,Lyra-2,31.0,15.2,8.6,23.5,,0,12.0,0,0,2024-07-09 22:00:00+00:00
SIM-0573,2024-07-10 00:00:00+00:00,2024-07-09 23:00:00+00:00,Inland Pad,Aster-1,23.4,58.5,36.9,49.2,27.0,0,5.0,0,0,2024-07-10 06:00:00+00:00
SIM-0574,2024-07-10 08:00:00+00:00,2024-07-10 07:00:00+00:00,Inland Pad,Aster-1,33.4,0.0,0.0,25.7,27.9,0,9.0,0,0,2024-07-10 14:00:00+00:00
SIM-0575,2024-07-10 16:00:00+00:00,2024-07-10 15:00:00+00:00,Coastal Pad,Lyra-2,,,0.0,45.8,22.0,1,,1,1,2024-07-10 22:00:00+00:00
SIM-0576,2024-07-11 00:00:00+00:00,2024-07-10 23:00:00+00:00,Inland Pad,Vela-3,57.5,31.8,25.9,44.9,32.1,0,15.0,0,0,2024-07-11 06:00:00+00:00
SIM-0577,2024-07-11 08:00:00+00:00,2024-07-11 07:00:00+00:00,Coastal Pad,Lyra-2,37.7,36.3,29.5,73.0,15.2,1,51.2,0,1,2024-07-11 14:00:00+00:00
SIM-0578,2024-07-11 16:00:00+00:00,2024-07-11 15:00:00+00:00,Inland Pad,Aster-1,,0.3,10.7,51.1,14.1,3,74.8,0,1,2024-07-11 22:00:00+00:00
SIM-0579,2024-07-12 00:00:00+00:00,2024-07-11 23:00:00+00:00,Inland Pad,Aster-1,26.3,33.7,20.5,,20.5,2,,1,1,2024-07-12 06:00:00+00:00
SIM-0580,2024-07-12 08:00:00+00:00,2024-07-12 07:00:00+00:00,Inland Pad,Lyra-2,44.1,61.0,51.3,47.2,16.2,2,117.7,0,1,2024-07-12 14:00:00+00:00
SIM-0581,2024-07-12 16:00:00+00:00,2024-07-12 15:00:00+00:00,Coastal Pad,Aster-1,37.3,5.6,1.0,69.6,21.0,0,74.2,0,1,2024-07-12 22:00:00+00:00
SIM-0582,2024-07-13 00:00:00+00:00,2024-07-12 23:00:00+00:00,Coastal Pad,Vela-3,39.1,30.1,35.2,52.7,29.2,1,55.9,0,1,2024-07-13 06:00:00+00:00
SIM-0583,2024-07-13 08:00:00+00:00,2024-07-13 07:00:00+00:00,Coastal Pad,Aster-1,46.5,20.8,29.4,49.4,,1,2.0,0,0,2024-07-13 14:00:00+00:00
SIM-0584,2024-07-13 16:00:00+00:00,2024-07-13 15:00:00+00:00,Coastal Pad,Vela-3,37.7,8.0,32.7,35.3,27.2,1,81.3,0,1,2024-07-13 22:00:00+00:00
SIM-0585,2024-07-14 00:00:00+00:00,2024-07-13 23:00:00+00:00,Coastal Pad,Vela-3,22.3,72.6,23.7,68.7,25.3,1,68.3,0,1,2024-07-14 06:00:00+00:00
SIM-0586,2024-07-14 08:00:00+00:00,2024-07-14 07:00:00+00:00,Inland Pad,Lyra-2,22.6,51.3,25.2,,31.0,0,43.2,0,1,2024-07-14 14:00:00+00:00
SIM-0587,2024-07-14 16:00:00+00:00,2024-07-14 15:00:00+00:00,Coastal Pad,Lyra-2,35.8,21.6,,55.8,27.2,2,,1,1,2024-07-14 22:00:00+00:00
SIM-0588,2024-07-15 00:00:00+00:00,2024-07-14 23:00:00+00:00,Coastal Pad,Lyra-2,41.8,39.0,19.7,42.0,22.5,1,80.1,0,1,2024-07-15 06:00:00+00:00
SIM-0589,2024-07-15 08:00:00+00:00,2024-07-15 07:00:00+00:00,Coastal Pad,Aster-1,20.8,8.4,23.3,38.6,20.0,0,11.0,0,0,2024-07-15 14:00:00+00:00
SIM-0590,2024-07-15 16:00:00+00:00,2024-07-15 15:00:00+00:00,Inland Pad,Aster-1,40.8,34.6,10.6,28.0,18.2,0,5.0,0,0,2024-07-15 22:00:00+00:00
SIM-0591,2024-07-16 00:00:00+00:00,2024-07-15 23:00:00+00:00,Inland Pad,Lyra-2,30.0,41.6,12.6,58.0,25.9,2,25.5,0,1,2024-07-16 06:00:00+00:00
SIM-0592,2024-07-16 08:00:00+00:00,2024-07-16 07:00:00+00:00,Coastal Pad,Lyra-2,44.0,25.2,24.0,25.1,27.9,0,0.0,0,0,2024-07-16 14:00:00+00:00
SIM-0593,2024-07-16 16:00:00+00:00,2024-07-16 15:00:00+00:00,Coastal Pad,Vela-3,42.7,30.2,23.1,28.5,17.2,0,80.7,0,1,2024-07-16 22:00:00+00:00
SIM-0594,2024-07-17 00:00:00+00:00,2024-07-16 23:00:00+00:00,Coastal Pad,Vela-3,21.4,,5.5,46.9,19.5,0,1.0,0,0,2024-07-17 06:00:00+00:00
SIM-0595,2024-07-17 08:00:00+00:00,2024-07-17 07:00:00+00:00,Coastal Pad,Vela-3,42.9,20.4,22.3,61.4,31.6,0,68.6,0,1,2024-07-17 14:00:00+00:00
SIM-0596,2024-07-17 16:00:00+00:00,2024-07-17 15:00:00+00:00,Coastal Pad,Lyra-2,50.6,33.1,11.5,49.6,21.7,0,0.0,0,0,2024-07-17 22:00:00+00:00
SIM-0597,2024-07-18 00:00:00+00:00,2024-07-17 23:00:00+00:00,Coastal Pad,Lyra-2,36.3,29.6,26.1,37.0,26.7,0,1.0,0,0,2024-07-18 06:00:00+00:00
SIM-0598,2024-07-18 08:00:00+00:00,2024-07-18 07:00:00+00:00,Inland Pad,Vela-3,32.3,0.0,29.9,8.6,21.4,0,11.0,0,0,2024-07-18 14:00:00+00:00
SIM-0599,2024-07-18 16:00:00+00:00,2024-07-18 15:00:00+00:00,Inland Pad,Lyra-2,13.5,14.5,0.0,39.6,24.0,1,4.0,0,0,2024-07-18 22:00:00+00:00
SIM-0600,2024-07-19 00:00:00+00:00,2024-07-18 23:00:00+00:00,Inland Pad,Vela-3,17.2,49.1,19.2,26.6,14.2,0,1.0,0,0,2024-07-19 06:00:00+00:00
SIM-0601,2024-07-19 08:00:00+00:00,2024-07-19 07:00:00+00:00,Inland Pad,Lyra-2,31.4,28.6,0.8,46.3,35.4,0,4.0,0,0,2024-07-19 14:00:00+00:00
SIM-0602,2024-07-19 16:00:00+00:00,2024-07-19 15:00:00+00:00,Inland Pad,Lyra-2,1.8,0.0,0.0,29.3,10.7,1,9.0,0,0,2024-07-19 22:00:00+00:00
SIM-0603,2024-07-20 00:00:00+00:00,2024-07-19 23:00:00+00:00,Coastal Pad,Vela-3,33.3,,48.7,57.6,29.4,3,37.3,0,1,2024-07-20 06:00:00+00:00
SIM-0604,2024-07-20 08:00:00+00:00,2024-07-20 07:00:00+00:00,Coastal Pad,Vela-3,39.2,53.0,59.9,46.8,13.7,0,6.0,0,0,2024-07-20 14:00:00+00:00
SIM-0605,2024-07-20 16:00:00+00:00,2024-07-20 15:00:00+00:00,Inland Pad,Lyra-2,40.3,62.3,50.3,45.9,24.0,1,24.0,0,1,2024-07-20 22:00:00+00:00
SIM-0606,2024-07-21 00:00:00+00:00,2024-07-20 23:00:00+00:00,Coastal Pad,Vela-3,47.3,6.6,0.0,50.6,29.2,2,,1,1,2024-07-21 06:00:00+00:00
SIM-0607,2024-07-21 08:00:00+00:00,2024-07-21 07:00:00+00:00,Inland Pad,Vela-3,36.1,8.0,4.1,41.2,18.7,0,13.0,0,0,2024-07-21 14:00:00+00:00
SIM-0608,2024-07-21 16:00:00+00:00,2024-07-21 15:00:00+00:00,Inland Pad,Lyra-2,12.6,38.8,10.1,45.3,23.6,1,4.0,0,0,2024-07-21 22:00:00+00:00
SIM-0609,2024-07-22 00:00:00+00:00,2024-07-21 23:00:00+00:00,Coastal Pad,Vela-3,38.4,80.7,60.3,81.5,18.7,1,72.3,0,1,2024-07-22 06:00:00+00:00
SIM-0610,2024-07-22 08:00:00+00:00,2024-07-22 07:00:00+00:00,Coastal Pad,Aster-1,41.3,49.9,46.4,58.9,25.6,0,22.8,0,1,2024-07-22 14:00:00+00:00
SIM-0611,2024-07-22 16:00:00+00:00,2024-07-22 15:00:00+00:00,Coastal Pad,Lyra-2,30.5,52.1,16.5,62.0,21.3,0,10.0,0,0,2024-07-22 22:00:00+00:00
SIM-0612,2024-07-23 00:00:00+00:00,2024-07-22 23:00:00+00:00,Coastal Pad,Vela-3,42.6,27.0,4.0,38.8,11.9,1,54.3,0,1,2024-07-23 06:00:00+00:00
SIM-0613,2024-07-23 08:00:00+00:00,2024-07-23 07:00:00+00:00,Coastal Pad,Aster-1,,25.4,21.5,42.5,29.1,1,14.0,0,0,2024-07-23 14:00:00+00:00
SIM-0614,2024-07-23 16:00:00+00:00,2024-07-23 15:00:00+00:00,Inland Pad,Vela-3,13.5,12.9,6.1,29.1,35.1,1,8.0,0,0,2024-07-23 22:00:00+00:00
SIM-0615,2024-07-24 00:00:00+00:00,2024-07-23 23:00:00+00:00,Inland Pad,Vela-3,57.9,6.7,21.4,41.9,36.7,1,54.5,0,1,2024-07-24 06:00:00+00:00
SIM-0616,2024-07-24 08:00:00+00:00,2024-07-24 07:00:00+00:00,Coastal Pad,Vela-3,28.3,41.6,25.2,38.1,34.7,0,8.0,0,0,2024-07-24 14:00:00+00:00
SIM-0617,2024-07-24 16:00:00+00:00,2024-07-24 15:00:00+00:00,Inland Pad,Aster-1,24.7,29.1,11.3,31.7,27.0,3,15.0,0,0,2024-07-24 22:00:00+00:00
SIM-0618,2024-07-25 00:00:00+00:00,2024-07-24 23:00:00+00:00,Coastal Pad,Aster-1,49.7,35.2,16.0,58.6,23.7,0,89.8,0,1,2024-07-25 06:00:00+00:00
SIM-0619,2024-07-25 08:00:00+00:00,2024-07-25 07:00:00+00:00,Coastal Pad,Lyra-2,34.3,14.3,4.3,58.9,23.7,2,99.0,0,1,2024-07-25 14:00:00+00:00
SIM-0620,2024-07-25 16:00:00+00:00,2024-07-25 15:00:00+00:00,Coastal Pad,Lyra-2,49.1,0.0,25.3,30.8,32.1,1,,1,1,2024-07-25 22:00:00+00:00
SIM-0621,2024-07-26 00:00:00+00:00,2024-07-25 23:00:00+00:00,Coastal Pad,Lyra-2,68.9,74.4,17.7,,20.4,0,9.0,0,0,2024-07-26 06:00:00+00:00
SIM-0622,2024-07-26 08:00:00+00:00,2024-07-26 07:00:00+00:00,Coastal Pad,Aster-1,38.0,25.6,20.3,45.6,,0,15.0,0,0,2024-07-26 14:00:00+00:00
SIM-0623,2024-07-26 16:00:00+00:00,2024-07-26 15:00:00+00:00,Inland Pad,Lyra-2,64.5,27.2,8.2,29.1,19.7,0,69.1,0,1,2024-07-26 22:00:00+00:00
SIM-0624,2024-07-27 00:00:00+00:00,2024-07-26 23:00:00+00:00,Inland Pad,Lyra-2,21.4,16.2,0.0,39.7,27.3,0,2.0,0,0,2024-07-27 06:00:00+00:00
SIM-0625,2024-07-27 08:00:00+00:00,2024-07-27 07:00:00+00:00,Inland Pad,Lyra-2,1.1,52.0,0.0,39.1,27.1,2,4.0,0,0,2024-07-27 14:00:00+00:00
SIM-0626,2024-07-27 16:00:00+00:00,2024-07-27 15:00:00+00:00,Inland Pad,Lyra-2,35.4,22.8,34.6,37.9,30.7,1,9.0,0,0,2024-07-27 22:00:00+00:00
SIM-0627,2024-07-28 00:00:00+00:00,2024-07-27 23:00:00+00:00,Coastal Pad,Lyra-2,,30.4,43.6,,21.8,0,71.7,0,1,2024-07-28 06:00:00+00:00
SIM-0628,2024-07-28 08:00:00+00:00,2024-07-28 07:00:00+00:00,Inland Pad,Aster-1,15.0,24.7,0.0,55.7,24.1,1,8.0,0,0,2024-07-28 14:00:00+00:00
SIM-0629,2024-07-28 16:00:00+00:00,2024-07-28 15:00:00+00:00,Inland Pad,Vela-3,11.4,16.0,31.5,26.5,30.2,0,9.0,0,0,2024-07-28 22:00:00+00:00
SIM-0630,2024-07-29 00:00:00+00:00,2024-07-28 23:00:00+00:00,Inland Pad,Vela-3,14.0,0.0,0.0,43.1,27.7,2,8.0,0,0,2024-07-29 06:00:00+00:00
SIM-0631,2024-07-29 08:00:00+00:00,2024-07-29 07:00:00+00:00,Coastal Pad,Lyra-2,13.5,14.7,30.3,49.2,25.2,0,0.0,0,0,2024-07-29 14:00:00+00:00
SIM-0632,2024-07-29 16:00:00+00:00,2024-07-29 15:00:00+00:00,Coastal Pad,Vela-3,32.3,23.9,7.1,46.8,23.2,0,1.0,0,0,2024-07-29 22:00:00+00:00
SIM-0633,2024-07-30 00:00:00+00:00,2024-07-29 23:00:00+00:00,Coastal Pad,Aster-1,32.0,63.4,,71.0,28.2,0,87.2,0,1,2024-07-30 06:00:00+00:00
SIM-0634,2024-07-30 08:00:00+00:00,2024-07-30 07:00:00+00:00,Coastal Pad,Lyra-2,54.5,14.7,11.5,28.0,11.6,1,,1,1,2024-07-30 14:00:00+00:00
SIM-0635,2024-07-30 16:00:00+00:00,2024-07-30 15:00:00+00:00,Inland Pad,Lyra-2,41.0,21.7,50.9,20.6,27.4,1,0.0,0,0,2024-07-30 22:00:00+00:00
SIM-0636,2024-07-31 00:00:00+00:00,2024-07-30 23:00:00+00:00,Inland Pad,Vela-3,25.8,,14.7,45.2,33.2,0,10.0,0,0,2024-07-31 06:00:00+00:00
SIM-0637,2024-07-31 08:00:00+00:00,2024-07-31 07:00:00+00:00,Inland Pad,Aster-1,,40.0,0.0,26.1,,1,8.0,0,0,2024-07-31 14:00:00+00:00
SIM-0638,2024-07-31 16:00:00+00:00,2024-07-31 15:00:00+00:00,Coastal Pad,Aster-1,48.3,26.5,15.6,30.3,29.0,0,159.9,0,1,2024-07-31 22:00:00+00:00
SIM-0639,2024-08-01 00:00:00+00:00,2024-07-31 23:00:00+00:00,Coastal Pad,Vela-3,43.9,45.3,41.1,21.3,22.5,0,54.7,0,1,2024-08-01 06:00:00+00:00
SIM-0640,2024-08-01 08:00:00+00:00,2024-08-01 07:00:00+00:00,Coastal Pad,Aster-1,11.8,5.7,0.0,,30.9,1,3.0,0,0,2024-08-01 14:00:00+00:00
SIM-0641,2024-08-01 16:00:00+00:00,2024-08-01 15:00:00+00:00,Coastal Pad,Aster-1,34.1,12.3,28.0,39.8,25.1,0,147.6,0,1,2024-08-01 22:00:00+00:00
SIM-0642,2024-08-02 00:00:00+00:00,2024-08-01 23:00:00+00:00,Inland Pad,Vela-3,39.3,55.6,3.2,60.3,26.7,0,73.9,0,1,2024-08-02 06:00:00+00:00
SIM-0643,2024-08-02 08:00:00+00:00,2024-08-02 07:00:00+00:00,Inland Pad,Aster-1,30.7,19.8,37.4,50.7,25.1,1,12.0,0,0,2024-08-02 14:00:00+00:00
SIM-0644,2024-08-02 16:00:00+00:00,2024-08-02 15:00:00+00:00,Inland Pad,Vela-3,40.0,28.2,1.3,45.9,29.9,1,5.0,0,0,2024-08-02 22:00:00+00:00
SIM-0645,2024-08-03 00:00:00+00:00,2024-08-02 23:00:00+00:00,Coastal Pad,Lyra-2,36.0,61.2,52.9,80.1,28.6,0,66.2,0,1,2024-08-03 06:00:00+00:00
SIM-0646,2024-08-03 08:00:00+00:00,2024-08-03 07:00:00+00:00,Coastal Pad,Vela-3,18.4,44.7,46.3,71.2,22.4,1,39.7,0,1,2024-08-03 14:00:00+00:00
SIM-0647,2024-08-03 16:00:00+00:00,2024-08-03 15:00:00+00:00,Inland Pad,Vela-3,41.4,31.8,33.8,54.5,19.4,0,3.0,0,0,2024-08-03 22:00:00+00:00
SIM-0648,2024-08-04 00:00:00+00:00,2024-08-03 23:00:00+00:00,Inland Pad,Lyra-2,16.2,38.6,37.2,39.0,19.9,0,13.0,0,0,2024-08-04 06:00:00+00:00
SIM-0649,2024-08-04 08:00:00+00:00,2024-08-04 07:00:00+00:00,Inland Pad,Aster-1,19.3,17.3,17.1,43.0,16.0,0,1.0,0,0,2024-08-04 14:00:00+00:00
SIM-0650,2024-08-04 16:00:00+00:00,2024-08-04 15:00:00+00:00,Inland Pad,Aster-1,36.5,38.2,18.1,62.0,20.3,0,7.0,0,0,2024-08-04 22:00:00+00:00
SIM-0651,2024-08-05 00:00:00+00:00,2024-08-04 23:00:00+00:00,Coastal Pad,Vela-3,16.9,45.3,10.2,49.1,25.5,0,45.6,0,1,2024-08-05 06:00:00+00:00
SIM-0652,2024-08-05 08:00:00+00:00,2024-08-05 07:00:00+00:00,Inland Pad,Lyra-2,25.9,4.6,6.3,42.8,21.9,0,2.0,0,0,2024-08-05 14:00:00+00:00
SIM-0653,2024-08-05 16:00:00+00:00,2024-08-05 15:00:00+00:00,Coastal Pad,Vela-3,19.8,16.6,18.7,37.4,33.7,2,0.0,0,0,2024-08-05 22:00:00+00:00
SIM-0654,2024-08-06 00:00:00+00:00,2024-08-05 23:00:00+00:00,Coastal Pad,Vela-3,23.6,22.3,2.9,47.1,22.6,1,5.0,0,0,2024-08-06 06:00:00+00:00
SIM-0655,2024-08-06 08:00:00+00:00,2024-08-06 07:00:00+00:00,Inland Pad,Vela-3,16.5,31.7,12.9,23.5,25.1,0,2.0,0,0,2024-08-06 14:00:00+00:00
SIM-0656,2024-08-06 16:00:00+00:00,2024-08-06 15:00:00+00:00,Coastal Pad,Vela-3,28.5,73.7,56.1,62.9,27.3,0,58.3,0,1,2024-08-06 22:00:00+00:00
SIM-0657,2024-08-07 00:00:00+00:00,2024-08-06 23:00:00+00:00,Coastal Pad,Vela-3,44.5,30.3,44.6,25.4,24.0,0,73.6,0,1,2024-08-07 06:00:00+00:00
SIM-0658,2024-08-07 08:00:00+00:00,2024-08-07 07:00:00+00:00,Inland Pad,Vela-3,,52.8,31.4,74.8,28.6,0,41.3,0,1,2024-08-07 14:00:00+00:00
SIM-0659,2024-08-07 16:00:00+00:00,2024-08-07 15:00:00+00:00,Coastal Pad,Vela-3,40.8,73.2,38.8,61.3,33.4,1,11.0,0,0,2024-08-07 22:00:00+00:00
SIM-0660,2024-08-08 00:00:00+00:00,2024-08-07 23:00:00+00:00,Inland Pad,Vela-3,30.1,87.2,45.0,83.6,26.2,0,10.0,0,0,2024-08-08 06:00:00+00:00
SIM-0661,2024-08-08 08:00:00+00:00,2024-08-08 07:00:00+00:00,Coastal Pad,Lyra-2,20.7,42.5,26.6,81.0,18.5,0,15.0,0,0,2024-08-08 14:00:00+00:00
SIM-0662,2024-08-08 16:00:00+00:00,2024-08-08 15:00:00+00:00,Coastal Pad,Aster-1,0.0,2.6,19.7,46.1,30.1,0,4.0,0,0,2024-08-08 22:00:00+00:00
SIM-0663,2024-08-09 00:00:00+00:00,2024-08-08 23:00:00+00:00,Inland Pad,Lyra-2,17.8,21.4,11.2,2.7,23.5,0,12.0,0,0,2024-08-09 06:00:00+00:00
SIM-0664,2024-08-09 08:00:00+00:00,2024-08-09 07:00:00+00:00,Inland Pad,Vela-3,22.6,40.6,23.0,25.7,18.3,0,9.0,0,0,2024-08-09 14:00:00+00:00
SIM-0665,2024-08-09 16:00:00+00:00,2024-08-09 15:00:00+00:00,Coastal Pad,Aster-1,34.6,28.1,12.3,54.0,33.3,2,6.0,0,0,2024-08-09 22:00:00+00:00
SIM-0666,2024-08-10 00:00:00+00:00,2024-08-09 23:00:00+00:00,Coastal Pad,Vela-3,43.3,17.3,0.0,41.6,26.6,0,45.7,0,1,2024-08-10 06:00:00+00:00
SIM-0667,2024-08-10 08:00:00+00:00,2024-08-10 07:00:00+00:00,Inland Pad,Aster-1,23.4,5.9,6.0,47.7,21.3,0,3.0,0,0,2024-08-10 14:00:00+00:00
SIM-0668,2024-08-10 16:00:00+00:00,2024-08-10 15:00:00+00:00,Inland Pad,Aster-1,28.6,45.3,27.6,74.0,29.2,0,66.6,0,1,2024-08-10 22:00:00+00:00
SIM-0669,2024-08-11 00:00:00+00:00,2024-08-10 23:00:00+00:00,Inland Pad,Lyra-2,26.3,63.4,25.9,55.4,24.0,2,48.1,0,1,2024-08-11 06:00:00+00:00
SIM-0670,2024-08-11 08:00:00+00:00,2024-08-11 07:00:00+00:00,Inland Pad,Aster-1,,22.4,34.1,84.7,19.8,0,8.0,0,0,2024-08-11 14:00:00+00:00
SIM-0671,2024-08-11 16:00:00+00:00,2024-08-11 15:00:00+00:00,Inland Pad,Lyra-2,35.5,51.7,7.4,48.7,28.1,1,,1,1,2024-08-11 22:00:00+00:00
SIM-0672,2024-08-12 00:00:00+00:00,2024-08-11 23:00:00+00:00,Coastal Pad,Aster-1,18.3,6.7,3.9,33.2,24.5,0,12.0,0,0,2024-08-12 06:00:00+00:00
SIM-0673,2024-08-12 08:00:00+00:00,2024-08-12 07:00:00+00:00,Inland Pad,Vela-3,29.3,61.1,22.2,65.6,24.2,0,1.0,0,0,2024-08-12 14:00:00+00:00
SIM-0674,2024-08-12 16:00:00+00:00,2024-08-12 15:00:00+00:00,Inland Pad,Vela-3,27.3,52.7,0.0,95.2,37.5,0,10.0,0,0,2024-08-12 22:00:00+00:00
SIM-0675,2024-08-13 00:00:00+00:00,2024-08-12 23:00:00+00:00,Inland Pad,Lyra-2,21.3,72.5,19.8,62.8,25.7,1,18.6,0,1,2024-08-13 06:00:00+00:00
SIM-0676,2024-08-13 08:00:00+00:00,2024-08-13 07:00:00+00:00,Coastal Pad,Vela-3,16.7,25.6,0.0,61.9,26.5,0,5.0,0,0,2024-08-13 14:00:00+00:00
SIM-0677,2024-08-13 16:00:00+00:00,2024-08-13 15:00:00+00:00,Inland Pad,Aster-1,43.7,28.1,11.7,59.8,26.4,1,137.5,0,1,2024-08-13 22:00:00+00:00
SIM-0678,2024-08-14 00:00:00+00:00,2024-08-13 23:00:00+00:00,Inland Pad,Aster-1,37.1,11.3,21.9,46.7,25.2,0,1.0,0,0,2024-08-14 06:00:00+00:00
SIM-0679,2024-08-14 08:00:00+00:00,2024-08-14 07:00:00+00:00,Inland Pad,Vela-3,20.8,7.1,0.0,43.0,28.0,0,22.0,0,1,2024-08-14 14:00:00+00:00
SIM-0680,2024-08-14 16:00:00+00:00,2024-08-14 15:00:00+00:00,Inland Pad,Vela-3,25.3,6.3,0.3,25.9,25.1,0,15.0,0,0,2024-08-14 22:00:00+00:00
SIM-0681,2024-08-15 00:00:00+00:00,2024-08-14 23:00:00+00:00,Coastal Pad,Aster-1,46.4,44.0,34.3,56.0,29.4,0,57.7,0,1,2024-08-15 06:00:00+00:00
SIM-0682,2024-08-15 08:00:00+00:00,2024-08-15 07:00:00+00:00,Inland Pad,Aster-1,22.7,68.1,53.0,49.7,31.6,0,0.0,0,0,2024-08-15 14:00:00+00:00
SIM-0683,2024-08-15 16:00:00+00:00,2024-08-15 15:00:00+00:00,Coastal Pad,Aster-1,29.2,7.3,23.2,46.9,,1,9.0,0,0,2024-08-15 22:00:00+00:00
SIM-0684,2024-08-16 00:00:00+00:00,2024-08-15 23:00:00+00:00,Inland Pad,Vela-3,44.9,74.8,35.6,54.0,13.7,1,32.3,0,1,2024-08-16 06:00:00+00:00
SIM-0685,2024-08-16 08:00:00+00:00,2024-08-16 07:00:00+00:00,Inland Pad,Lyra-2,16.6,13.3,11.3,40.3,19.4,0,7.0,0,0,2024-08-16 14:00:00+00:00
SIM-0686,2024-08-16 16:00:00+00:00,2024-08-16 15:00:00+00:00,Coastal Pad,Aster-1,40.0,58.1,42.2,37.9,24.6,1,46.5,0,1,2024-08-16 22:00:00+00:00
SIM-0687,2024-08-17 00:00:00+00:00,2024-08-16 23:00:00+00:00,Coastal Pad,Lyra-2,13.6,64.3,37.0,46.9,26.9,1,2.0,0,0,2024-08-17 06:00:00+00:00
SIM-0688,2024-08-17 08:00:00+00:00,2024-08-17 07:00:00+00:00,Inland Pad,Vela-3,25.7,6.4,26.2,10.1,19.1,1,5.0,0,0,2024-08-17 14:00:00+00:00
SIM-0689,2024-08-17 16:00:00+00:00,2024-08-17 15:00:00+00:00,Coastal Pad,Aster-1,32.8,,4.2,50.4,30.2,0,32.5,0,1,2024-08-17 22:00:00+00:00
SIM-0690,2024-08-18 00:00:00+00:00,2024-08-17 23:00:00+00:00,Inland Pad,Aster-1,57.6,52.2,44.7,57.8,18.3,2,72.7,0,1,2024-08-18 06:00:00+00:00
SIM-0691,2024-08-18 08:00:00+00:00,2024-08-18 07:00:00+00:00,Inland Pad,Aster-1,30.3,19.1,24.2,41.6,11.1,0,12.0,0,0,2024-08-18 14:00:00+00:00
SIM-0692,2024-08-18 16:00:00+00:00,2024-08-18 15:00:00+00:00,Inland Pad,Lyra-2,22.1,30.8,29.3,62.9,23.9,1,10.0,0,0,2024-08-18 22:00:00+00:00
SIM-0693,2024-08-19 00:00:00+00:00,2024-08-18 23:00:00+00:00,Inland Pad,Lyra-2,34.7,33.8,0.0,67.5,27.3,1,5.0,0,0,2024-08-19 06:00:00+00:00
SIM-0694,2024-08-19 08:00:00+00:00,2024-08-19 07:00:00+00:00,Inland Pad,Lyra-2,31.5,,20.6,23.5,18.1,2,41.0,0,1,2024-08-19 14:00:00+00:00
SIM-0695,2024-08-19 16:00:00+00:00,2024-08-19 15:00:00+00:00,Inland Pad,Lyra-2,21.5,46.0,44.7,41.0,15.3,2,15.0,0,0,2024-08-19 22:00:00+00:00
SIM-0696,2024-08-20 00:00:00+00:00,2024-08-19 23:00:00+00:00,Coastal Pad,Lyra-2,31.4,23.7,25.8,48.7,23.5,0,74.0,0,1,2024-08-20 06:00:00+00:00
SIM-0697,2024-08-20 08:00:00+00:00,2024-08-20 07:00:00+00:00,Inland Pad,Vela-3,49.9,31.0,26.2,45.3,20.7,0,39.1,0,1,2024-08-20 14:00:00+00:00
SIM-0698,2024-08-20 16:00:00+00:00,2024-08-20 15:00:00+00:00,Coastal Pad,Vela-3,36.2,18.2,0.0,45.9,30.8,0,11.0,0,0,2024-08-20 22:00:00+00:00
SIM-0699,2024-08-21 00:00:00+00:00,2024-08-20 23:00:00+00:00,Inland Pad,Vela-3,10.2,33.8,8.2,55.3,,1,14.0,0,0,2024-08-21 06:00:00+00:00
SIM-0700,2024-08-21 08:00:00+00:00,2024-08-21 07:00:00+00:00,Inland Pad,Aster-1,31.4,42.9,44.5,84.4,26.3,1,123.9,0,1,2024-08-21 14:00:00+00:00
SIM-0701,2024-08-21 16:00:00+00:00,2024-08-21 15:00:00+00:00,Inland Pad,Lyra-2,37.7,43.2,24.1,69.6,15.9,1,1.0,0,0,2024-08-21 22:00:00+00:00
SIM-0702,2024-08-22 00:00:00+00:00,2024-08-21 23:00:00+00:00,Coastal Pad,Vela-3,41.4,90.8,26.4,85.9,15.5,1,28.3,0,1,2024-08-22 06:00:00+00:00
SIM-0703,2024-08-22 08:00:00+00:00,2024-08-22 07:00:00+00:00,Inland Pad,Aster-1,45.4,8.8,5.3,45.6,19.0,1,83.3,0,1,2024-08-22 14:00:00+00:00
SIM-0704,2024-08-22 16:00:00+00:00,2024-08-22 15:00:00+00:00,Inland Pad,Lyra-2,23.6,9.5,,31.6,35.3,1,12.0,0,0,2024-08-22 22:00:00+00:00
SIM-0705,2024-08-23 00:00:00+00:00,2024-08-22 23:00:00+00:00,Coastal Pad,Vela-3,50.1,17.0,15.3,39.0,,0,40.2,0,1,2024-08-23 06:00:00+00:00
SIM-0706,2024-08-23 08:00:00+00:00,2024-08-23 07:00:00+00:00,Coastal Pad,Lyra-2,28.6,25.2,23.5,64.6,22.6,1,14.0,0,0,2024-08-23 14:00:00+00:00
SIM-0707,2024-08-23 16:00:00+00:00,2024-08-23 15:00:00+00:00,Inland Pad,Vela-3,28.6,49.4,8.0,29.3,24.7,0,13.0,0,0,2024-08-23 22:00:00+00:00
SIM-0708,2024-08-24 00:00:00+00:00,2024-08-23 23:00:00+00:00,Coastal Pad,Aster-1,47.6,45.2,29.3,74.0,18.9,1,15.0,0,0,2024-08-24 06:00:00+00:00
SIM-0709,2024-08-24 08:00:00+00:00,2024-08-24 07:00:00+00:00,Coastal Pad,Lyra-2,,23.0,3.5,63.0,24.0,1,,1,1,2024-08-24 14:00:00+00:00
SIM-0710,2024-08-24 16:00:00+00:00,2024-08-24 15:00:00+00:00,Coastal Pad,Aster-1,27.4,54.7,51.8,35.5,28.6,0,9.0,0,0,2024-08-24 22:00:00+00:00
SIM-0711,2024-08-25 00:00:00+00:00,2024-08-24 23:00:00+00:00,Coastal Pad,Vela-3,38.5,10.2,5.1,45.0,26.0,0,10.0,0,0,2024-08-25 06:00:00+00:00
SIM-0712,2024-08-25 08:00:00+00:00,2024-08-25 07:00:00+00:00,Inland Pad,Aster-1,50.3,26.0,41.2,53.9,21.0,1,46.5,0,1,2024-08-25 14:00:00+00:00
SIM-0713,2024-08-25 16:00:00+00:00,2024-08-25 15:00:00+00:00,Inland Pad,Vela-3,25.0,56.2,26.7,86.2,32.6,0,42.7,0,1,2024-08-25 22:00:00+00:00
SIM-0714,2024-08-26 00:00:00+00:00,2024-08-25 23:00:00+00:00,Coastal Pad,Vela-3,42.6,24.0,62.0,70.7,19.5,0,0.0,0,0,2024-08-26 06:00:00+00:00
SIM-0715,2024-08-26 08:00:00+00:00,2024-08-26 07:00:00+00:00,Coastal Pad,Aster-1,17.7,28.5,29.6,54.9,21.1,2,8.0,0,0,2024-08-26 14:00:00+00:00
SIM-0716,2024-08-26 16:00:00+00:00,2024-08-26 15:00:00+00:00,Coastal Pad,Aster-1,43.8,67.5,45.7,63.4,18.0,0,8.0,0,0,2024-08-26 22:00:00+00:00
SIM-0717,2024-08-27 00:00:00+00:00,2024-08-26 23:00:00+00:00,Coastal Pad,Vela-3,56.0,53.0,13.4,70.0,,1,57.2,0,1,2024-08-27 06:00:00+00:00
SIM-0718,2024-08-27 08:00:00+00:00,2024-08-27 07:00:00+00:00,Coastal Pad,Lyra-2,28.0,38.6,,55.5,25.9,1,1.0,0,0,2024-08-27 14:00:00+00:00
SIM-0719,2024-08-27 16:00:00+00:00,2024-08-27 15:00:00+00:00,Coastal Pad,Lyra-2,23.8,9.3,3.9,12.4,19.4,1,2.0,0,0,2024-08-27 22:00:00+00:00
SIM-0720,2024-08-28 00:00:00+00:00,2024-08-27 23:00:00+00:00,Inland Pad,Lyra-2,38.8,14.7,,30.5,26.6,0,52.3,0,1,2024-08-28 06:00:00+00:00
SIM-0721,2024-08-28 08:00:00+00:00,2024-08-28 07:00:00+00:00,Inland Pad,Vela-3,31.3,14.2,15.5,25.9,26.8,1,1.0,0,0,2024-08-28 14:00:00+00:00
SIM-0722,2024-08-28 16:00:00+00:00,2024-08-28 15:00:00+00:00,Inland Pad,Lyra-2,42.0,34.0,46.4,53.2,27.4,0,12.0,0,0,2024-08-28 22:00:00+00:00
SIM-0723,2024-08-29 00:00:00+00:00,2024-08-28 23:00:00+00:00,Coastal Pad,Vela-3,49.0,44.8,12.7,65.9,35.4,1,6.0,0,0,2024-08-29 06:00:00+00:00
SIM-0724,2024-08-29 08:00:00+00:00,2024-08-29 07:00:00+00:00,Coastal Pad,Lyra-2,31.8,30.1,6.5,38.3,33.5,0,1.0,0,0,2024-08-29 14:00:00+00:00
SIM-0725,2024-08-29 16:00:00+00:00,2024-08-29 15:00:00+00:00,Coastal Pad,Aster-1,40.8,0.0,19.7,10.8,16.9,0,12.0,0,0,2024-08-29 22:00:00+00:00
SIM-0726,2024-08-30 00:00:00+00:00,2024-08-29 23:00:00+00:00,Inland Pad,Aster-1,53.4,37.8,36.0,39.1,34.3,0,7.0,0,0,2024-08-30 06:00:00+00:00
SIM-0727,2024-08-30 08:00:00+00:00,2024-08-30 07:00:00+00:00,Inland Pad,Vela-3,22.6,15.2,20.4,,28.0,0,13.0,0,0,2024-08-30 14:00:00+00:00
SIM-0728,2024-08-30 16:00:00+00:00,2024-08-30 15:00:00+00:00,Inland Pad,Aster-1,43.0,38.2,31.2,,33.5,0,34.4,0,1,2024-08-30 22:00:00+00:00
SIM-0729,2024-08-31 00:00:00+00:00,2024-08-30 23:00:00+00:00,Coastal Pad,Aster-1,32.3,40.7,,52.6,31.1,1,42.3,0,1,2024-08-31 06:00:00+00:00
SIM-0730,2024-08-31 08:00:00+00:00,2024-08-31 07:00:00+00:00,Inland Pad,Vela-3,41.3,22.5,0.0,37.5,23.4,0,12.0,0,0,2024-08-31 14:00:00+00:00
SIM-0731,2024-08-31 16:00:00+00:00,2024-08-31 15:00:00+00:00,Inland Pad,Aster-1,35.7,25.0,26.1,34.9,26.1,0,5.0,0,0,2024-08-31 22:00:00+00:00
SIM-0732,2024-09-01 00:00:00+00:00,2024-08-31 23:00:00+00:00,Coastal Pad,Vela-3,13.2,12.5,7.0,0.7,34.3,0,14.0,0,0,2024-09-01 06:00:00+00:00
SIM-0733,2024-09-01 08:00:00+00:00,2024-09-01 07:00:00+00:00,Inland Pad,Aster-1,28.9,41.9,0.0,38.2,24.4,0,13.0,0,0,2024-09-01 14:00:00+00:00
SIM-0734,2024-09-01 16:00:00+00:00,2024-09-01 15:00:00+00:00,Inland Pad,Lyra-2,21.8,27.7,31.0,47.7,21.3,1,10.0,0,0,2024-09-01 22:00:00+00:00
SIM-0735,2024-09-02 00:00:00+00:00,2024-09-01 23:00:00+00:00,Coastal Pad,Lyra-2,46.6,40.7,23.6,37.5,31.3,0,64.3,0,1,2024-09-02 06:00:00+00:00
SIM-0736,2024-09-02 08:00:00+00:00,2024-09-02 07:00:00+00:00,Coastal Pad,Lyra-2,35.0,52.8,46.5,67.2,21.6,0,48.4,0,1,2024-09-02 14:00:00+00:00
SIM-0737,2024-09-02 16:00:00+00:00,2024-09-02 15:00:00+00:00,Coastal Pad,Lyra-2,41.6,56.8,55.2,62.0,23.5,0,88.1,0,1,2024-09-02 22:00:00+00:00
SIM-0738,2024-09-03 00:00:00+00:00,2024-09-02 23:00:00+00:00,Inland Pad,Vela-3,31.5,0.0,14.4,2.1,31.4,1,43.9,0,1,2024-09-03 06:00:00+00:00
SIM-0739,2024-09-03 08:00:00+00:00,2024-09-03 07:00:00+00:00,Coastal Pad,Aster-1,24.5,15.5,14.3,44.5,31.4,1,11.0,0,0,2024-09-03 14:00:00+00:00
SIM-0740,2024-09-03 16:00:00+00:00,2024-09-03 15:00:00+00:00,Coastal Pad,Aster-1,0.4,1.8,24.5,47.7,23.5,0,14.0,0,0,2024-09-03 22:00:00+00:00
SIM-0741,2024-09-04 00:00:00+00:00,2024-09-03 23:00:00+00:00,Inland Pad,Vela-3,17.0,21.1,4.0,31.0,24.4,1,0.0,0,0,2024-09-04 06:00:00+00:00
SIM-0742,2024-09-04 08:00:00+00:00,2024-09-04 07:00:00+00:00,Coastal Pad,Lyra-2,26.5,,1.6,24.7,25.3,0,6.0,0,0,2024-09-04 14:00:00+00:00
SIM-0743,2024-09-04 16:00:00+00:00,2024-09-04 15:00:00+00:00,Coastal Pad,Lyra-2,46.6,21.8,0.0,0.0,27.6,0,62.3,0,1,2024-09-04 22:00:00+00:00
SIM-0744,2024-09-05 00:00:00+00:00,2024-09-04 23:00:00+00:00,Coastal Pad,Vela-3,11.1,11.3,17.9,32.3,22.2,0,8.0,0,0,2024-09-05 06:00:00+00:00
SIM-0745,2024-09-05 08:00:00+00:00,2024-09-05 07:00:00+00:00,Inland Pad,Lyra-2,45.8,11.5,15.1,24.6,20.4,0,5.0,0,0,2024-09-05 14:00:00+00:00
SIM-0746,2024-09-05 16:00:00+00:00,2024-09-05 15:00:00+00:00,Inland Pad,Lyra-2,28.7,35.3,31.1,28.1,24.6,1,32.6,0,1,2024-09-05 22:00:00+00:00
SIM-0747,2024-09-06 00:00:00+00:00,2024-09-05 23:00:00+00:00,Coastal Pad,Vela-3,33.2,28.0,0.0,27.6,18.7,1,,1,1,2024-09-06 06:00:00+00:00
SIM-0748,2024-09-06 08:00:00+00:00,2024-09-06 07:00:00+00:00,Coastal Pad,Aster-1,40.6,88.1,48.4,90.0,22.2,1,59.3,0,1,2024-09-06 14:00:00+00:00
SIM-0749,2024-09-06 16:00:00+00:00,2024-09-06 15:00:00+00:00,Coastal Pad,Vela-3,28.5,23.6,16.1,20.3,17.5,1,116.1,0,1,2024-09-06 22:00:00+00:00
SIM-0750,2024-09-07 00:00:00+00:00,2024-09-06 23:00:00+00:00,Inland Pad,Lyra-2,16.9,28.7,22.9,30.5,29.2,1,7.0,0,0,2024-09-07 06:00:00+00:00
SIM-0751,2024-09-07 08:00:00+00:00,2024-09-07 07:00:00+00:00,Inland Pad,Vela-3,49.1,25.2,34.0,31.5,18.6,0,54.1,0,1,2024-09-07 14:00:00+00:00
SIM-0752,2024-09-07 16:00:00+00:00,2024-09-07 15:00:00+00:00,Coastal Pad,Lyra-2,26.5,,2.3,,33.2,1,13.0,0,0,2024-09-07 22:00:00+00:00
SIM-0753,2024-09-08 00:00:00+00:00,2024-09-07 23:00:00+00:00,Coastal Pad,Vela-3,42.2,51.9,33.6,50.7,25.5,1,108.8,0,1,2024-09-08 06:00:00+00:00
SIM-0754,2024-09-08 08:00:00+00:00,2024-09-08 07:00:00+00:00,Inland Pad,Vela-3,37.4,66.5,32.8,54.9,30.6,2,26.3,0,1,2024-09-08 14:00:00+00:00
SIM-0755,2024-09-08 16:00:00+00:00,2024-09-08 15:00:00+00:00,Coastal Pad,Aster-1,32.1,30.7,1.2,42.2,26.5,0,4.0,0,0,2024-09-08 22:00:00+00:00
SIM-0756,2024-09-09 00:00:00+00:00,2024-09-08 23:00:00+00:00,Coastal Pad,Vela-3,45.3,39.3,21.6,87.8,,0,94.7,0,1,2024-09-09 06:00:00+00:00
SIM-0757,2024-09-09 08:00:00+00:00,2024-09-09 07:00:00+00:00,Inland Pad,Lyra-2,31.5,11.5,28.9,19.1,30.8,0,47.9,0,1,2024-09-09 14:00:00+00:00
SIM-0758,2024-09-09 16:00:00+00:00,2024-09-09 15:00:00+00:00,Coastal Pad,Lyra-2,21.1,76.9,,65.0,23.2,0,,1,1,2024-09-09 22:00:00+00:00
SIM-0759,2024-09-10 00:00:00+00:00,2024-09-09 23:00:00+00:00,Inland Pad,Vela-3,13.5,45.5,33.1,62.0,33.4,1,8.0,0,0,2024-09-10 06:00:00+00:00
SIM-0760,2024-09-10 08:00:00+00:00,2024-09-10 07:00:00+00:00,Inland Pad,Lyra-2,20.3,30.4,21.8,22.5,16.1,0,35.8,0,1,2024-09-10 14:00:00+00:00
SIM-0761,2024-09-10 16:00:00+00:00,2024-09-10 15:00:00+00:00,Coastal Pad,Aster-1,53.6,49.2,13.5,70.3,26.7,0,81.0,0,1,2024-09-10 22:00:00+00:00
SIM-0762,2024-09-11 00:00:00+00:00,2024-09-10 23:00:00+00:00,Coastal Pad,Lyra-2,60.5,52.2,36.6,47.7,25.7,1,,1,1,2024-09-11 06:00:00+00:00
SIM-0763,2024-09-11 08:00:00+00:00,2024-09-11 07:00:00+00:00,Coastal Pad,Vela-3,29.4,49.1,4.0,50.0,37.2,0,0.0,0,0,2024-09-11 14:00:00+00:00
SIM-0764,2024-09-11 16:00:00+00:00,2024-09-11 15:00:00+00:00,Inland Pad,Lyra-2,28.5,35.2,16.9,41.2,22.3,0,15.0,0,0,2024-09-11 22:00:00+00:00
SIM-0765,2024-09-12 00:00:00+00:00,2024-09-11 23:00:00+00:00,Inland Pad,Aster-1,8.9,11.1,0.0,40.1,23.7,0,7.0,0,0,2024-09-12 06:00:00+00:00
SIM-0766,2024-09-12 08:00:00+00:00,2024-09-12 07:00:00+00:00,Coastal Pad,Aster-1,40.7,46.7,45.5,77.5,26.6,1,30.6,0,1,2024-09-12 14:00:00+00:00
SIM-0767,2024-09-12 16:00:00+00:00,2024-09-12 15:00:00+00:00,Coastal Pad,Aster-1,35.2,17.1,21.7,45.9,33.8,2,93.2,0,1,2024-09-12 22:00:00+00:00
SIM-0768,2024-09-13 00:00:00+00:00,2024-09-12 23:00:00+00:00,Coastal Pad,Lyra-2,27.2,39.6,14.4,39.5,29.8,0,4.0,0,0,2024-09-13 06:00:00+00:00
SIM-0769,2024-09-13 08:00:00+00:00,2024-09-13 07:00:00+00:00,Coastal Pad,Aster-1,28.0,14.9,2.2,36.1,30.9,0,3.0,0,0,2024-09-13 14:00:00+00:00
SIM-0770,2024-09-13 16:00:00+00:00,2024-09-13 15:00:00+00:00,Coastal Pad,Vela-3,36.2,17.5,0.0,29.1,17.1,1,8.0,0,0,2024-09-13 22:00:00+00:00
SIM-0771,2024-09-14 00:00:00+00:00,2024-09-13 23:00:00+00:00,Coastal Pad,Lyra-2,53.4,31.7,24.7,48.6,25.5,2,34.2,0,1,2024-09-14 06:00:00+00:00
SIM-0772,2024-09-14 08:00:00+00:00,2024-09-14 07:00:00+00:00,Coastal Pad,Aster-1,51.8,14.2,0.0,24.5,21.7,0,66.9,0,1,2024-09-14 14:00:00+00:00
SIM-0773,2024-09-14 16:00:00+00:00,2024-09-14 15:00:00+00:00,Inland Pad,Lyra-2,,42.6,29.2,43.8,17.2,1,38.2,0,1,2024-09-14 22:00:00+00:00
SIM-0774,2024-09-15 00:00:00+00:00,2024-09-14 23:00:00+00:00,Coastal Pad,Vela-3,22.9,3.3,0.0,,31.5,0,6.0,0,0,2024-09-15 06:00:00+00:00
SIM-0775,2024-09-15 08:00:00+00:00,2024-09-15 07:00:00+00:00,Coastal Pad,Vela-3,3.7,5.3,0.0,38.8,22.2,0,9.0,0,0,2024-09-15 14:00:00+00:00
SIM-0776,2024-09-15 16:00:00+00:00,2024-09-15 15:00:00+00:00,Inland Pad,Aster-1,29.5,0.0,19.9,76.9,23.2,1,52.0,0,1,2024-09-15 22:00:00+00:00
SIM-0777,2024-09-16 00:00:00+00:00,2024-09-15 23:00:00+00:00,Inland Pad,Vela-3,16.0,39.4,16.6,75.6,21.4,0,3.0,0,0,2024-09-16 06:00:00+00:00
SIM-0778,2024-09-16 08:00:00+00:00,2024-09-16 07:00:00+00:00,Inland Pad,Aster-1,33.7,12.7,0.2,40.8,33.8,2,81.4,0,1,2024-09-16 14:00:00+00:00
SIM-0779,2024-09-16 16:00:00+00:00,2024-09-16 15:00:00+00:00,Inland Pad,Vela-3,27.8,26.2,24.4,63.8,32.0,0,2.0,0,0,2024-09-16 22:00:00+00:00
SIM-0780,2024-09-17 00:00:00+00:00,2024-09-16 23:00:00+00:00,Coastal Pad,Lyra-2,29.1,52.2,51.1,38.6,29.6,1,7.0,0,0,2024-09-17 06:00:00+00:00
SIM-0781,2024-09-17 08:00:00+00:00,2024-09-17 07:00:00+00:00,Inland Pad,Aster-1,28.5,23.6,12.4,61.0,37.8,0,10.0,0,0,2024-09-17 14:00:00+00:00
SIM-0782,2024-09-17 16:00:00+00:00,2024-09-17 15:00:00+00:00,Inland Pad,Vela-3,41.5,47.0,0.0,64.2,34.3,0,3.0,0,0,2024-09-17 22:00:00+00:00
SIM-0783,2024-09-18 00:00:00+00:00,2024-09-17 23:00:00+00:00,Coastal Pad,Vela-3,40.3,57.8,43.7,31.9,35.7,1,76.7,0,1,2024-09-18 06:00:00+00:00
SIM-0784,2024-09-18 08:00:00+00:00,2024-09-18 07:00:00+00:00,Coastal Pad,Lyra-2,33.3,39.0,0.6,28.0,13.9,0,5.0,0,0,2024-09-18 14:00:00+00:00
SIM-0785,2024-09-18 16:00:00+00:00,2024-09-18 15:00:00+00:00,Coastal Pad,Lyra-2,21.2,15.4,2.4,18.4,28.4,1,50.8,0,1,2024-09-18 22:00:00+00:00
SIM-0786,2024-09-19 00:00:00+00:00,2024-09-18 23:00:00+00:00,Inland Pad,Lyra-2,15.2,16.1,30.8,45.7,11.0,2,11.0,0,0,2024-09-19 06:00:00+00:00
SIM-0787,2024-09-19 08:00:00+00:00,2024-09-19 07:00:00+00:00,Inland Pad,Vela-3,28.9,,7.3,19.4,28.6,0,12.0,0,0,2024-09-19 14:00:00+00:00
SIM-0788,2024-09-19 16:00:00+00:00,2024-09-19 15:00:00+00:00,Coastal Pad,Aster-1,23.9,,,39.6,22.1,1,1.0,0,0,2024-09-19 22:00:00+00:00
SIM-0789,2024-09-20 00:00:00+00:00,2024-09-19 23:00:00+00:00,Coastal Pad,Aster-1,26.7,51.8,,,22.8,0,10.0,0,0,2024-09-20 06:00:00+00:00
SIM-0790,2024-09-20 08:00:00+00:00,2024-09-20 07:00:00+00:00,Inland Pad,Lyra-2,32.7,16.3,2.1,17.7,29.0,0,0.0,0,0,2024-09-20 14:00:00+00:00
SIM-0791,2024-09-20 16:00:00+00:00,2024-09-20 15:00:00+00:00,Coastal Pad,Vela-3,36.0,65.7,34.2,42.3,10.3,1,,1,1,2024-09-20 22:00:00+00:00
SIM-0792,2024-09-21 00:00:00+00:00,2024-09-20 23:00:00+00:00,Inland Pad,Lyra-2,26.2,47.5,20.5,46.0,25.7,1,43.9,0,1,2024-09-21 06:00:00+00:00
SIM-0793,2024-09-21 08:00:00+00:00,2024-09-21 07:00:00+00:00,Coastal Pad,Aster-1,52.0,51.9,0.0,40.8,27.7,3,41.2,0,1,2024-09-21 14:00:00+00:00
SIM-0794,2024-09-21 16:00:00+00:00,2024-09-21 15:00:00+00:00,Coastal Pad,Aster-1,20.0,6.5,6.2,,30.6,2,11.0,0,0,2024-09-21 22:00:00+00:00
SIM-0795,2024-09-22 00:00:00+00:00,2024-09-21 23:00:00+00:00,Coastal Pad,Lyra-2,47.5,33.3,20.0,64.4,25.3,0,59.7,0,1,2024-09-22 06:00:00+00:00
SIM-0796,2024-09-22 08:00:00+00:00,2024-09-22 07:00:00+00:00,Inland Pad,Vela-3,27.5,10.5,18.2,64.2,19.6,2,77.5,0,1,2024-09-22 14:00:00+00:00
SIM-0797,2024-09-22 16:00:00+00:00,2024-09-22 15:00:00+00:00,Inland Pad,Lyra-2,35.0,37.2,22.1,18.5,35.3,1,2.0,0,0,2024-09-22 22:00:00+00:00
SIM-0798,2024-09-23 00:00:00+00:00,2024-09-22 23:00:00+00:00,Inland Pad,Aster-1,30.9,41.8,4.2,91.4,24.9,0,48.1,0,1,2024-09-23 06:00:00+00:00
SIM-0799,2024-09-23 08:00:00+00:00,2024-09-23 07:00:00+00:00,Inland Pad,Aster-1,37.2,30.2,0.0,46.3,28.2,1,20.9,0,1,2024-09-23 14:00:00+00:00
SIM-0800,2024-09-23 16:00:00+00:00,2024-09-23 15:00:00+00:00,Inland Pad,Lyra-2,44.4,12.1,18.7,35.3,38.7,0,7.0,0,0,2024-09-23 22:00:00+00:00
SIM-0801,2024-09-24 00:00:00+00:00,2024-09-23 23:00:00+00:00,Inland Pad,Aster-1,10.3,14.7,0.0,24.0,16.6,0,7.0,0,0,2024-09-24 06:00:00+00:00
SIM-0802,2024-09-24 08:00:00+00:00,2024-09-24 07:00:00+00:00,Coastal Pad,Lyra-2,56.5,76.2,28.6,88.2,19.5,0,100.1,0,1,2024-09-24 14:00:00+00:00
SIM-0803,2024-09-24 16:00:00+00:00,2024-09-24 15:00:00+00:00,Inland Pad,Aster-1,19.9,21.1,0.0,50.6,31.9,1,13.0,0,0,2024-09-24 22:00:00+00:00
SIM-0804,2024-09-25 00:00:00+00:00,2024-09-24 23:00:00+00:00,Coastal Pad,Vela-3,39.1,32.4,28.3,62.5,25.9,0,165.5,0,1,2024-09-25 06:00:00+00:00
SIM-0805,2024-09-25 08:00:00+00:00,2024-09-25 07:00:00+00:00,Inland Pad,Vela-3,34.8,51.2,33.5,72.4,23.5,2,72.9,0,1,2024-09-25 14:00:00+00:00
SIM-0806,2024-09-25 16:00:00+00:00,2024-09-25 15:00:00+00:00,Coastal Pad,Vela-3,28.8,26.1,14.8,53.1,30.3,0,14.0,0,0,2024-09-25 22:00:00+00:00
SIM-0807,2024-09-26 00:00:00+00:00,2024-09-25 23:00:00+00:00,Inland Pad,Aster-1,23.8,46.5,20.6,48.5,18.5,1,11.0,0,0,2024-09-26 06:00:00+00:00
SIM-0808,2024-09-26 08:00:00+00:00,2024-09-26 07:00:00+00:00,Coastal Pad,Vela-3,41.0,63.0,59.8,53.2,22.5,3,95.2,0,1,2024-09-26 14:00:00+00:00
SIM-0809,2024-09-26 16:00:00+00:00,2024-09-26 15:00:00+00:00,Inland Pad,Vela-3,25.0,57.3,9.7,32.7,24.2,3,,1,1,2024-09-26 22:00:00+00:00
SIM-0810,2024-09-27 00:00:00+00:00,2024-09-26 23:00:00+00:00,Coastal Pad,Aster-1,43.9,57.4,9.9,51.6,18.0,1,71.9,0,1,2024-09-27 06:00:00+00:00
SIM-0811,2024-09-27 08:00:00+00:00,2024-09-27 07:00:00+00:00,Coastal Pad,Vela-3,11.2,9.2,5.0,48.8,28.0,1,55.8,0,1,2024-09-27 14:00:00+00:00
SIM-0812,2024-09-27 16:00:00+00:00,2024-09-27 15:00:00+00:00,Inland Pad,Aster-1,20.8,11.6,11.2,57.9,27.1,0,8.0,0,0,2024-09-27 22:00:00+00:00
SIM-0813,2024-09-28 00:00:00+00:00,2024-09-27 23:00:00+00:00,Coastal Pad,Aster-1,48.9,15.5,7.7,44.0,12.4,0,0.0,0,0,2024-09-28 06:00:00+00:00
SIM-0814,2024-09-28 08:00:00+00:00,2024-09-28 07:00:00+00:00,Coastal Pad,Lyra-2,32.1,20.7,17.7,26.2,28.9,0,2.0,0,0,2024-09-28 14:00:00+00:00
SIM-0815,2024-09-28 16:00:00+00:00,2024-09-28 15:00:00+00:00,Inland Pad,Vela-3,18.2,35.8,39.2,46.2,17.5,0,9.0,0,0,2024-09-28 22:00:00+00:00
SIM-0816,2024-09-29 00:00:00+00:00,2024-09-28 23:00:00+00:00,Inland Pad,Lyra-2,22.1,1.0,6.4,34.8,,0,12.0,0,0,2024-09-29 06:00:00+00:00
SIM-0817,2024-09-29 08:00:00+00:00,2024-09-29 07:00:00+00:00,Inland Pad,Vela-3,21.9,79.4,47.3,91.4,23.7,2,7.0,0,0,2024-09-29 14:00:00+00:00
SIM-0818,2024-09-29 16:00:00+00:00,2024-09-29 15:00:00+00:00,Coastal Pad,Vela-3,42.0,,0.0,47.6,19.4,0,110.6,0,1,2024-09-29 22:00:00+00:00
SIM-0819,2024-09-30 00:00:00+00:00,2024-09-29 23:00:00+00:00,Coastal Pad,Lyra-2,33.8,43.2,0.0,63.2,21.9,1,38.9,0,1,2024-09-30 06:00:00+00:00
SIM-0820,2024-09-30 08:00:00+00:00,2024-09-30 07:00:00+00:00,Inland Pad,Lyra-2,24.1,29.1,22.7,52.9,17.2,0,21.5,0,1,2024-09-30 14:00:00+00:00
SIM-0821,2024-09-30 16:00:00+00:00,2024-09-30 15:00:00+00:00,Inland Pad,Lyra-2,36.7,40.5,45.5,53.8,,1,,1,1,2024-09-30 22:00:00+00:00
SIM-0822,2024-10-01 00:00:00+00:00,2024-09-30 23:00:00+00:00,Coastal Pad,Lyra-2,35.1,41.4,40.4,62.3,29.7,0,3.0,0,0,2024-10-01 06:00:00+00:00
SIM-0823,2024-10-01 08:00:00+00:00,2024-10-01 07:00:00+00:00,Coastal Pad,Aster-1,28.2,55.6,54.9,63.5,28.9,0,45.4,0,1,2024-10-01 14:00:00+00:00
SIM-0824,2024-10-01 16:00:00+00:00,2024-10-01 15:00:00+00:00,Inland Pad,Lyra-2,18.6,0.0,0.0,23.4,24.0,0,15.0,0,0,2024-10-01 22:00:00+00:00
SIM-0825,2024-10-02 00:00:00+00:00,2024-10-01 23:00:00+00:00,Coastal Pad,Aster-1,,21.1,30.4,44.3,15.8,0,6.0,0,0,2024-10-02 06:00:00+00:00
SIM-0826,2024-10-02 08:00:00+00:00,2024-10-02 07:00:00+00:00,Inland Pad,Lyra-2,16.7,10.7,10.5,45.3,22.0,1,0.0,0,0,2024-10-02 14:00:00+00:00
SIM-0827,2024-10-02 16:00:00+00:00,2024-10-02 15:00:00+00:00,Coastal Pad,Lyra-2,37.1,18.3,,46.6,20.2,0,2.0,0,0,2024-10-02 22:00:00+00:00
SIM-0828,2024-10-03 00:00:00+00:00,2024-10-02 23:00:00+00:00,Inland Pad,Vela-3,19.6,37.9,17.4,22.8,31.4,1,4.0,0,0,2024-10-03 06:00:00+00:00
SIM-0829,2024-10-03 08:00:00+00:00,2024-10-03 07:00:00+00:00,Coastal Pad,Vela-3,26.2,40.4,36.8,35.5,22.8,2,34.7,0,1,2024-10-03 14:00:00+00:00
SIM-0830,2024-10-03 16:00:00+00:00,2024-10-03 15:00:00+00:00,Coastal Pad,Vela-3,46.7,48.0,20.5,70.2,15.2,2,,1,1,2024-10-03 22:00:00+00:00
SIM-0831,2024-10-04 00:00:00+00:00,2024-10-03 23:00:00+00:00,Coastal Pad,Aster-1,11.9,0.0,3.0,14.6,28.9,1,4.0,0,0,2024-10-04 06:00:00+00:00
SIM-0832,2024-10-04 08:00:00+00:00,2024-10-04 07:00:00+00:00,Coastal Pad,Vela-3,18.0,0.0,17.6,34.7,19.1,0,14.0,0,0,2024-10-04 14:00:00+00:00
SIM-0833,2024-10-04 16:00:00+00:00,2024-10-04 15:00:00+00:00,Inland Pad,Vela-3,22.4,20.9,2.0,44.0,23.2,2,,1,1,2024-10-04 22:00:00+00:00
SIM-0834,2024-10-05 00:00:00+00:00,2024-10-04 23:00:00+00:00,Inland Pad,Vela-3,41.8,3.1,20.4,8.3,34.5,2,45.9,0,1,2024-10-05 06:00:00+00:00
SIM-0835,2024-10-05 08:00:00+00:00,2024-10-05 07:00:00+00:00,Inland Pad,Lyra-2,28.6,52.0,40.8,56.2,33.3,2,26.5,0,1,2024-10-05 14:00:00+00:00
SIM-0836,2024-10-05 16:00:00+00:00,2024-10-05 15:00:00+00:00,Inland Pad,Vela-3,31.6,52.3,24.3,71.7,24.1,1,,1,1,2024-10-05 22:00:00+00:00
SIM-0837,2024-10-06 00:00:00+00:00,2024-10-05 23:00:00+00:00,Inland Pad,Aster-1,24.5,,33.4,27.7,19.2,0,11.0,0,0,2024-10-06 06:00:00+00:00
SIM-0838,2024-10-06 08:00:00+00:00,2024-10-06 07:00:00+00:00,Coastal Pad,Lyra-2,21.5,38.5,14.0,69.5,22.2,0,9.0,0,0,2024-10-06 14:00:00+00:00
SIM-0839,2024-10-06 16:00:00+00:00,2024-10-06 15:00:00+00:00,Coastal Pad,Lyra-2,41.5,47.7,31.4,73.6,25.2,0,52.0,0,1,2024-10-06 22:00:00+00:00
SIM-0840,2024-10-07 00:00:00+00:00,2024-10-06 23:00:00+00:00,Inland Pad,Vela-3,37.0,8.4,,21.3,30.1,0,9.0,0,0,2024-10-07 06:00:00+00:00
SIM-0841,2024-10-07 08:00:00+00:00,2024-10-07 07:00:00+00:00,Coastal Pad,Aster-1,51.2,0.0,16.0,51.0,20.6,0,39.8,0,1,2024-10-07 14:00:00+00:00
SIM-0842,2024-10-07 16:00:00+00:00,2024-10-07 15:00:00+00:00,Coastal Pad,Lyra-2,,27.4,6.0,43.5,32.1,0,3.0,0,0,2024-10-07 22:00:00+00:00
SIM-0843,2024-10-08 00:00:00+00:00,2024-10-07 23:00:00+00:00,Coastal Pad,Lyra-2,41.3,26.3,13.5,65.5,21.4,0,37.3,0,1,2024-10-08 06:00:00+00:00
SIM-0844,2024-10-08 08:00:00+00:00,2024-10-08 07:00:00+00:00,Coastal Pad,Vela-3,48.0,,9.7,55.4,21.9,0,12.0,0,0,2024-10-08 14:00:00+00:00
SIM-0845,2024-10-08 16:00:00+00:00,2024-10-08 15:00:00+00:00,Inland Pad,Vela-3,26.1,25.2,23.7,46.6,22.0,0,3.0,0,0,2024-10-08 22:00:00+00:00
SIM-0846,2024-10-09 00:00:00+00:00,2024-10-08 23:00:00+00:00,Inland Pad,Lyra-2,59.8,79.9,53.4,100.0,20.4,1,,1,1,2024-10-09 06:00:00+00:00
SIM-0847,2024-10-09 08:00:00+00:00,2024-10-09 07:00:00+00:00,Coastal Pad,Lyra-2,51.6,0.0,0.0,21.5,38.1,1,23.0,0,1,2024-10-09 14:00:00+00:00
SIM-0848,2024-10-09 16:00:00+00:00,2024-10-09 15:00:00+00:00,Inland Pad,Lyra-2,51.9,81.5,45.1,51.2,30.3,3,60.3,0,1,2024-10-09 22:00:00+00:00
SIM-0849,2024-10-10 00:00:00+00:00,2024-10-09 23:00:00+00:00,Inland Pad,Aster-1,19.9,43.6,10.4,72.3,,0,15.0,0,0,2024-10-10 06:00:00+00:00
SIM-0850,2024-10-10 08:00:00+00:00,2024-10-10 07:00:00+00:00,Coastal Pad,Aster-1,28.1,24.5,0.0,50.3,30.4,1,10.0,0,0,2024-10-10 14:00:00+00:00
SIM-0851,2024-10-10 16:00:00+00:00,2024-10-10 15:00:00+00:00,Inland Pad,Aster-1,34.2,20.5,6.2,,21.3,1,13.0,0,0,2024-10-10 22:00:00+00:00
SIM-0852,2024-10-11 00:00:00+00:00,2024-10-10 23:00:00+00:00,Coastal Pad,Vela-3,31.5,0.0,3.0,58.7,15.4,2,4.0,0,0,2024-10-11 06:00:00+00:00
SIM-0853,2024-10-11 08:00:00+00:00,2024-10-11 07:00:00+00:00,Inland Pad,Lyra-2,10.1,52.8,15.0,50.5,27.3,0,1.0,0,0,2024-10-11 14:00:00+00:00
SIM-0854,2024-10-11 16:00:00+00:00,2024-10-11 15:00:00+00:00,Coastal Pad,Aster-1,35.0,20.1,14.9,,41.9,1,49.6,0,1,2024-10-11 22:00:00+00:00
SIM-0855,2024-10-12 00:00:00+00:00,2024-10-11 23:00:00+00:00,Inland Pad,Aster-1,57.4,57.3,13.1,44.1,22.9,0,15.0,0,0,2024-10-12 06:00:00+00:00
SIM-0856,2024-10-12 08:00:00+00:00,2024-10-12 07:00:00+00:00,Coastal Pad,Vela-3,61.8,87.2,27.9,64.7,21.8,0,115.1,0,1,2024-10-12 14:00:00+00:00
SIM-0857,2024-10-12 16:00:00+00:00,2024-10-12 15:00:00+00:00,Coastal Pad,Vela-3,45.6,47.7,33.8,52.7,16.0,0,6.0,0,0,2024-10-12 22:00:00+00:00
SIM-0858,2024-10-13 00:00:00+00:00,2024-10-12 23:00:00+00:00,Inland Pad,Lyra-2,28.3,19.1,0.0,59.1,17.6,1,7.0,0,0,2024-10-13 06:00:00+00:00
SIM-0859,2024-10-13 08:00:00+00:00,2024-10-13 07:00:00+00:00,Coastal Pad,Lyra-2,29.6,10.0,38.8,55.5,26.2,0,11.0,0,0,2024-10-13 14:00:00+00:00
SIM-0860,2024-10-13 16:00:00+00:00,2024-10-13 15:00:00+00:00,Inland Pad,Vela-3,39.7,89.3,29.5,59.5,22.6,3,,1,1,2024-10-13 22:00:00+00:00
SIM-0861,2024-10-14 00:00:00+00:00,2024-10-13 23:00:00+00:00,Inland Pad,Lyra-2,20.3,0.0,4.9,28.8,23.6,1,8.0,0,0,2024-10-14 06:00:00+00:00
SIM-0862,2024-10-14 08:00:00+00:00,2024-10-14 07:00:00+00:00,Inland Pad,Aster-1,26.2,58.1,26.3,60.2,22.4,1,41.3,0,1,2024-10-14 14:00:00+00:00
SIM-0863,2024-10-14 16:00:00+00:00,2024-10-14 15:00:00+00:00,Inland Pad,Vela-3,34.2,,37.2,64.8,23.7,1,31.2,0,1,2024-10-14 22:00:00+00:00
SIM-0864,2024-10-15 00:00:00+00:00,2024-10-14 23:00:00+00:00,Coastal Pad,Aster-1,63.2,77.6,20.1,72.0,25.3,0,47.2,0,1,2024-10-15 06:00:00+00:00
SIM-0865,2024-10-15 08:00:00+00:00,2024-10-15 07:00:00+00:00,Coastal Pad,Lyra-2,38.5,36.6,0.0,18.1,30.6,0,,1,1,2024-10-15 14:00:00+00:00
SIM-0866,2024-10-15 16:00:00+00:00,2024-10-15 15:00:00+00:00,Coastal Pad,Vela-3,34.8,2.3,3.5,22.1,31.3,0,12.0,0,0,2024-10-15 22:00:00+00:00
SIM-0867,2024-10-16 00:00:00+00:00,2024-10-15 23:00:00+00:00,Coastal Pad,Lyra-2,50.5,56.7,42.5,73.5,27.3,2,50.4,0,1,2024-10-16 06:00:00+00:00
SIM-0868,2024-10-16 08:00:00+00:00,2024-10-16 07:00:00+00:00,Inland Pad,Lyra-2,45.9,20.3,5.0,54.1,19.5,2,27.6,0,1,2024-10-16 14:00:00+00:00
SIM-0869,2024-10-16 16:00:00+00:00,2024-10-16 15:00:00+00:00,Coastal Pad,Lyra-2,58.5,94.4,50.5,74.5,11.5,1,,1,1,2024-10-16 22:00:00+00:00
SIM-0870,2024-10-17 00:00:00+00:00,2024-10-16 23:00:00+00:00,Coastal Pad,Lyra-2,18.9,40.8,14.9,39.7,33.5,1,59.6,0,1,2024-10-17 06:00:00+00:00
SIM-0871,2024-10-17 08:00:00+00:00,2024-10-17 07:00:00+00:00,Coastal Pad,Lyra-2,58.5,54.9,31.8,73.0,27.9,0,81.7,0,1,2024-10-17 14:00:00+00:00
SIM-0872,2024-10-17 16:00:00+00:00,2024-10-17 15:00:00+00:00,Coastal Pad,Aster-1,45.0,31.9,14.4,54.2,27.8,1,105.2,0,1,2024-10-17 22:00:00+00:00
SIM-0873,2024-10-18 00:00:00+00:00,2024-10-17 23:00:00+00:00,Inland Pad,Vela-3,11.3,15.7,27.6,23.4,19.5,0,11.0,0,0,2024-10-18 06:00:00+00:00
SIM-0874,2024-10-18 08:00:00+00:00,2024-10-18 07:00:00+00:00,Inland Pad,Aster-1,28.2,61.4,16.7,62.7,29.5,0,31.4,0,1,2024-10-18 14:00:00+00:00
SIM-0875,2024-10-18 16:00:00+00:00,2024-10-18 15:00:00+00:00,Coastal Pad,Aster-1,7.6,17.8,23.4,,26.2,0,92.1,0,1,2024-10-18 22:00:00+00:00
SIM-0876,2024-10-19 00:00:00+00:00,2024-10-18 23:00:00+00:00,Coastal Pad,Vela-3,25.8,47.4,12.8,60.0,27.4,1,12.0,0,0,2024-10-19 06:00:00+00:00
SIM-0877,2024-10-19 08:00:00+00:00,2024-10-19 07:00:00+00:00,Inland Pad,Lyra-2,25.3,23.1,10.2,33.5,21.3,2,14.0,0,0,2024-10-19 14:00:00+00:00
SIM-0878,2024-10-19 16:00:00+00:00,2024-10-19 15:00:00+00:00,Coastal Pad,Lyra-2,34.6,,34.6,26.3,22.3,0,4.0,0,0,2024-10-19 22:00:00+00:00
SIM-0879,2024-10-20 00:00:00+00:00,2024-10-19 23:00:00+00:00,Coastal Pad,Vela-3,26.0,21.6,22.0,36.8,24.8,0,7.0,0,0,2024-10-20 06:00:00+00:00
SIM-0880,2024-10-20 08:00:00+00:00,2024-10-20 07:00:00+00:00,Coastal Pad,Vela-3,40.1,37.6,35.3,50.2,29.0,0,112.8,0,1,2024-10-20 14:00:00+00:00
SIM-0881,2024-10-20 16:00:00+00:00,2024-10-20 15:00:00+00:00,Coastal Pad,Aster-1,37.0,100.0,44.0,62.9,32.2,1,69.5,0,1,2024-10-20 22:00:00+00:00
SIM-0882,2024-10-21 00:00:00+00:00,2024-10-20 23:00:00+00:00,Inland Pad,Lyra-2,31.7,9.9,36.0,48.6,22.6,0,1.0,0,0,2024-10-21 06:00:00+00:00
SIM-0883,2024-10-21 08:00:00+00:00,2024-10-21 07:00:00+00:00,Inland Pad,Vela-3,29.6,48.2,32.7,40.2,28.5,0,14.0,0,0,2024-10-21 14:00:00+00:00
SIM-0884,2024-10-21 16:00:00+00:00,2024-10-21 15:00:00+00:00,Coastal Pad,Lyra-2,38.4,15.7,12.3,57.7,28.6,2,,1,1,2024-10-21 22:00:00+00:00
SIM-0885,2024-10-22 00:00:00+00:00,2024-10-21 23:00:00+00:00,Inland Pad,Lyra-2,34.9,0.0,0.0,45.8,37.0,0,12.0,0,0,2024-10-22 06:00:00+00:00
SIM-0886,2024-10-22 08:00:00+00:00,2024-10-22 07:00:00+00:00,Inland Pad,Vela-3,38.6,41.7,7.2,63.1,22.3,0,14.0,0,0,2024-10-22 14:00:00+00:00
SIM-0887,2024-10-22 16:00:00+00:00,2024-10-22 15:00:00+00:00,Coastal Pad,Vela-3,,10.8,21.0,23.2,33.1,0,15.0,0,0,2024-10-22 22:00:00+00:00
SIM-0888,2024-10-23 00:00:00+00:00,2024-10-22 23:00:00+00:00,Coastal Pad,Vela-3,16.6,47.8,26.4,69.2,24.0,1,,1,1,2024-10-23 06:00:00+00:00
SIM-0889,2024-10-23 08:00:00+00:00,2024-10-23 07:00:00+00:00,Inland Pad,Aster-1,35.2,51.1,26.4,35.5,31.0,0,,1,1,2024-10-23 14:00:00+00:00
SIM-0890,2024-10-23 16:00:00+00:00,2024-10-23 15:00:00+00:00,Coastal Pad,Lyra-2,13.8,13.6,1.1,52.6,26.4,0,10.0,0,0,2024-10-23 22:00:00+00:00
SIM-0891,2024-10-24 00:00:00+00:00,2024-10-23 23:00:00+00:00,Inland Pad,Aster-1,40.9,72.7,20.3,41.8,32.3,2,36.2,0,1,2024-10-24 06:00:00+00:00
SIM-0892,2024-10-24 08:00:00+00:00,2024-10-24 07:00:00+00:00,Coastal Pad,Vela-3,47.1,40.3,19.7,,22.9,1,39.4,0,1,2024-10-24 14:00:00+00:00
SIM-0893,2024-10-24 16:00:00+00:00,2024-10-24 15:00:00+00:00,Coastal Pad,Aster-1,45.0,9.5,26.9,54.7,34.1,1,140.3,0,1,2024-10-24 22:00:00+00:00
SIM-0894,2024-10-25 00:00:00+00:00,2024-10-24 23:00:00+00:00,Inland Pad,Aster-1,47.0,75.3,20.3,51.5,19.9,1,,1,1,2024-10-25 06:00:00+00:00
SIM-0895,2024-10-25 08:00:00+00:00,2024-10-25 07:00:00+00:00,Inland Pad,Lyra-2,51.2,99.6,47.3,74.3,30.0,0,,1,1,2024-10-25 14:00:00+00:00
SIM-0896,2024-10-25 16:00:00+00:00,2024-10-25 15:00:00+00:00,Coastal Pad,Lyra-2,19.9,0.0,10.6,37.1,19.1,0,15.0,0,0,2024-10-25 22:00:00+00:00
SIM-0897,2024-10-26 00:00:00+00:00,2024-10-25 23:00:00+00:00,Inland Pad,Vela-3,14.2,33.5,15.2,48.5,30.7,1,6.0,0,0,2024-10-26 06:00:00+00:00
SIM-0898,2024-10-26 08:00:00+00:00,2024-10-26 07:00:00+00:00,Inland Pad,Lyra-2,0.1,43.8,15.1,43.8,17.8,1,9.0,0,0,2024-10-26 14:00:00+00:00
SIM-0899,2024-10-26 16:00:00+00:00,2024-10-26 15:00:00+00:00,Coastal Pad,Aster-1,33.9,26.1,44.1,47.2,23.8,1,24.3,0,1,2024-10-26 22:00:00+00:00
SIM-0900,2024-10-27 00:00:00+00:00,2024-10-26 23:00:00+00:00,Inland Pad,Lyra-2,33.3,27.9,48.8,25.1,32.6,1,,1,1,2024-10-27 06:00:00+00:00
SIM-0901,2024-10-27 08:00:00+00:00,2024-10-27 07:00:00+00:00,Coastal Pad,Vela-3,37.5,19.6,0.0,82.1,27.0,3,33.5,0,1,2024-10-27 14:00:00+00:00
SIM-0902,2024-10-27 16:00:00+00:00,2024-10-27 15:00:00+00:00,Inland Pad,Aster-1,31.1,48.6,30.8,75.9,14.0,0,5.0,0,0,2024-10-27 22:00:00+00:00
SIM-0903,2024-10-28 00:00:00+00:00,2024-10-27 23:00:00+00:00,Coastal Pad,Vela-3,45.3,37.7,16.9,54.7,28.1,1,3.0,0,0,2024-10-28 06:00:00+00:00
SIM-0904,2024-10-28 08:00:00+00:00,2024-10-28 07:00:00+00:00,Coastal Pad,Vela-3,39.1,64.5,42.7,,34.1,1,129.7,0,1,2024-10-28 14:00:00+00:00
SIM-0905,2024-10-28 16:00:00+00:00,2024-10-28 15:00:00+00:00,Inland Pad,Aster-1,5.8,6.5,10.1,49.9,31.7,1,4.0,0,0,2024-10-28 22:00:00+00:00
SIM-0906,2024-10-29 00:00:00+00:00,2024-10-28 23:00:00+00:00,Coastal Pad,Aster-1,,44.2,16.6,47.9,21.1,0,3.0,0,0,2024-10-29 06:00:00+00:00
SIM-0907,2024-10-29 08:00:00+00:00,2024-10-29 07:00:00+00:00,Coastal Pad,Vela-3,44.8,34.7,26.3,36.0,27.1,1,42.1,0,1,2024-10-29 14:00:00+00:00
SIM-0908,2024-10-29 16:00:00+00:00,2024-10-29 15:00:00+00:00,Inland Pad,Vela-3,34.4,37.1,27.8,43.0,34.7,0,5.0,0,0,2024-10-29 22:00:00+00:00
SIM-0909,2024-10-30 00:00:00+00:00,2024-10-29 23:00:00+00:00,Coastal Pad,Lyra-2,16.3,18.3,0.0,51.5,33.4,2,3.0,0,0,2024-10-30 06:00:00+00:00
SIM-0910,2024-10-30 08:00:00+00:00,2024-10-30 07:00:00+00:00,Coastal Pad,Aster-1,51.9,56.3,12.3,83.0,14.1,0,14.0,0,0,2024-10-30 14:00:00+00:00
SIM-0911,2024-10-30 16:00:00+00:00,2024-10-30 15:00:00+00:00,Coastal Pad,Lyra-2,33.4,61.4,45.6,58.7,,1,79.5,0,1,2024-10-30 22:00:00+00:00
SIM-0912,2024-10-31 00:00:00+00:00,2024-10-30 23:00:00+00:00,Coastal Pad,Vela-3,46.4,4.0,14.1,62.3,13.9,3,15.0,0,0,2024-10-31 06:00:00+00:00
SIM-0913,2024-10-31 08:00:00+00:00,2024-10-31 07:00:00+00:00,Inland Pad,Lyra-2,23.6,50.7,5.1,55.9,15.4,1,41.4,0,1,2024-10-31 14:00:00+00:00
SIM-0914,2024-10-31 16:00:00+00:00,2024-10-31 15:00:00+00:00,Inland Pad,Lyra-2,39.8,2.3,14.1,25.5,25.9,2,10.0,0,0,2024-10-31 22:00:00+00:00
SIM-0915,2024-11-01 00:00:00+00:00,2024-10-31 23:00:00+00:00,Inland Pad,Aster-1,38.0,47.5,43.6,82.6,19.3,0,9.0,0,0,2024-11-01 06:00:00+00:00
SIM-0916,2024-11-01 08:00:00+00:00,2024-11-01 07:00:00+00:00,Inland Pad,Vela-3,20.0,19.5,11.2,47.9,33.1,1,9.0,0,0,2024-11-01 14:00:00+00:00
SIM-0917,2024-11-01 16:00:00+00:00,2024-11-01 15:00:00+00:00,Inland Pad,Lyra-2,21.9,34.9,16.1,22.0,25.9,0,1.0,0,0,2024-11-01 22:00:00+00:00
SIM-0918,2024-11-02 00:00:00+00:00,2024-11-01 23:00:00+00:00,Coastal Pad,Lyra-2,48.7,11.7,40.6,38.7,17.7,0,117.3,0,1,2024-11-02 06:00:00+00:00
SIM-0919,2024-11-02 08:00:00+00:00,2024-11-02 07:00:00+00:00,Inland Pad,Lyra-2,33.4,25.7,20.8,36.5,30.2,0,6.0,0,0,2024-11-02 14:00:00+00:00
SIM-0920,2024-11-02 16:00:00+00:00,2024-11-02 15:00:00+00:00,Coastal Pad,Lyra-2,27.9,71.0,63.0,61.4,12.4,0,65.6,0,1,2024-11-02 22:00:00+00:00
SIM-0921,2024-11-03 00:00:00+00:00,2024-11-02 23:00:00+00:00,Inland Pad,Aster-1,18.9,35.3,26.5,42.9,28.3,1,1.0,0,0,2024-11-03 06:00:00+00:00
SIM-0922,2024-11-03 08:00:00+00:00,2024-11-03 07:00:00+00:00,Inland Pad,Lyra-2,26.8,40.1,30.8,63.3,28.0,1,111.2,0,1,2024-11-03 14:00:00+00:00
SIM-0923,2024-11-03 16:00:00+00:00,2024-11-03 15:00:00+00:00,Coastal Pad,Aster-1,29.7,18.0,3.3,44.2,28.0,1,13.0,0,0,2024-11-03 22:00:00+00:00
SIM-0924,2024-11-04 00:00:00+00:00,2024-11-03 23:00:00+00:00,Inland Pad,Vela-3,12.7,15.3,0.0,54.6,42.0,0,2.0,0,0,2024-11-04 06:00:00+00:00
SIM-0925,2024-11-04 08:00:00+00:00,2024-11-04 07:00:00+00:00,Inland Pad,Aster-1,48.2,29.1,17.2,45.5,,2,,1,1,2024-11-04 14:00:00+00:00
SIM-0926,2024-11-04 16:00:00+00:00,2024-11-04 15:00:00+00:00,Inland Pad,Vela-3,15.4,14.0,18.7,,17.5,0,13.0,0,0,2024-11-04 22:00:00+00:00
SIM-0927,2024-11-05 00:00:00+00:00,2024-11-04 23:00:00+00:00,Coastal Pad,Aster-1,15.9,0.0,0.0,52.1,30.8,2,14.0,0,0,2024-11-05 06:00:00+00:00
SIM-0928,2024-11-05 08:00:00+00:00,2024-11-05 07:00:00+00:00,Inland Pad,Aster-1,8.8,66.7,19.8,47.0,21.1,1,15.0,0,0,2024-11-05 14:00:00+00:00
SIM-0929,2024-11-05 16:00:00+00:00,2024-11-05 15:00:00+00:00,Coastal Pad,Vela-3,37.1,61.0,33.5,75.3,21.6,0,26.0,0,1,2024-11-05 22:00:00+00:00
SIM-0930,2024-11-06 00:00:00+00:00,2024-11-05 23:00:00+00:00,Coastal Pad,Aster-1,33.3,57.7,6.8,75.7,14.7,1,41.1,0,1,2024-11-06 06:00:00+00:00
SIM-0931,2024-11-06 08:00:00+00:00,2024-11-06 07:00:00+00:00,Inland Pad,Aster-1,34.7,0.0,3.7,54.4,22.7,1,8.0,0,0,2024-11-06 14:00:00+00:00
SIM-0932,2024-11-06 16:00:00+00:00,2024-11-06 15:00:00+00:00,Coastal Pad,Aster-1,22.4,0.0,0.0,18.4,25.3,2,15.0,0,0,2024-11-06 22:00:00+00:00
SIM-0933,2024-11-07 00:00:00+00:00,2024-11-06 23:00:00+00:00,Coastal Pad,Aster-1,38.1,58.7,28.9,60.1,13.1,0,,1,1,2024-11-07 06:00:00+00:00
SIM-0934,2024-11-07 08:00:00+00:00,2024-11-07 07:00:00+00:00,Coastal Pad,Lyra-2,30.5,,16.2,43.2,31.5,0,77.3,0,1,2024-11-07 14:00:00+00:00
SIM-0935,2024-11-07 16:00:00+00:00,2024-11-07 15:00:00+00:00,Coastal Pad,Vela-3,28.9,15.1,22.0,42.7,19.2,1,8.0,0,0,2024-11-07 22:00:00+00:00
SIM-0936,2024-11-08 00:00:00+00:00,2024-11-07 23:00:00+00:00,Inland Pad,Aster-1,26.8,42.7,2.7,75.2,23.0,1,11.0,0,0,2024-11-08 06:00:00+00:00
SIM-0937,2024-11-08 08:00:00+00:00,2024-11-08 07:00:00+00:00,Inland Pad,Vela-3,24.4,53.8,17.3,59.5,25.9,1,37.2,0,1,2024-11-08 14:00:00+00:00
SIM-0938,2024-11-08 16:00:00+00:00,2024-11-08 15:00:00+00:00,Coastal Pad,Vela-3,36.7,19.2,32.3,73.4,,2,26.9,0,1,2024-11-08 22:00:00+00:00
SIM-0939,2024-11-09 00:00:00+00:00,2024-11-08 23:00:00+00:00,Coastal Pad,Lyra-2,46.0,14.5,24.5,54.2,38.3,0,75.0,0,1,2024-11-09 06:00:00+00:00
SIM-0940,2024-11-09 08:00:00+00:00,2024-11-09 07:00:00+00:00,Coastal Pad,Aster-1,70.3,74.0,33.7,59.6,20.8,0,66.7,0,1,2024-11-09 14:00:00+00:00
SIM-0941,2024-11-09 16:00:00+00:00,2024-11-09 15:00:00+00:00,Inland Pad,Aster-1,12.3,17.1,36.0,50.5,28.2,0,3.0,0,0,2024-11-09 22:00:00+00:00
SIM-0942,2024-11-10 00:00:00+00:00,2024-11-09 23:00:00+00:00,Coastal Pad,Lyra-2,25.8,51.5,21.9,33.9,27.2,3,3.0,0,0,2024-11-10 06:00:00+00:00
SIM-0943,2024-11-10 08:00:00+00:00,2024-11-10 07:00:00+00:00,Coastal Pad,Lyra-2,43.0,100.0,65.0,84.9,25.2,1,62.6,0,1,2024-11-10 14:00:00+00:00
SIM-0944,2024-11-10 16:00:00+00:00,2024-11-10 15:00:00+00:00,Inland Pad,Aster-1,37.6,27.9,27.9,14.1,10.1,0,12.0,0,0,2024-11-10 22:00:00+00:00
SIM-0945,2024-11-11 00:00:00+00:00,2024-11-10 23:00:00+00:00,Inland Pad,Vela-3,32.3,17.3,0.0,52.9,25.0,2,13.0,0,0,2024-11-11 06:00:00+00:00
SIM-0946,2024-11-11 08:00:00+00:00,2024-11-11 07:00:00+00:00,Coastal Pad,Aster-1,25.9,51.5,25.7,63.0,24.2,0,15.0,0,0,2024-11-11 14:00:00+00:00
SIM-0947,2024-11-11 16:00:00+00:00,2024-11-11 15:00:00+00:00,Inland Pad,Lyra-2,37.6,35.3,21.5,54.8,20.5,1,15.0,0,0,2024-11-11 22:00:00+00:00
SIM-0948,2024-11-12 00:00:00+00:00,2024-11-11 23:00:00+00:00,Inland Pad,Lyra-2,16.2,64.9,13.8,27.3,25.8,1,45.7,0,1,2024-11-12 06:00:00+00:00
SIM-0949,2024-11-12 08:00:00+00:00,2024-11-12 07:00:00+00:00,Inland Pad,Vela-3,23.2,21.2,40.4,49.6,29.3,0,53.6,0,1,2024-11-12 14:00:00+00:00
SIM-0950,2024-11-12 16:00:00+00:00,2024-11-12 15:00:00+00:00,Coastal Pad,Lyra-2,26.1,51.1,24.3,66.6,25.8,1,77.9,0,1,2024-11-12 22:00:00+00:00
SIM-0951,2024-11-13 00:00:00+00:00,2024-11-12 23:00:00+00:00,Inland Pad,Vela-3,11.5,28.0,29.3,43.3,29.5,0,,1,1,2024-11-13 06:00:00+00:00
SIM-0952,2024-11-13 08:00:00+00:00,2024-11-13 07:00:00+00:00,Inland Pad,Aster-1,9.4,9.8,0.0,47.4,24.7,0,13.0,0,0,2024-11-13 14:00:00+00:00
SIM-0953,2024-11-13 16:00:00+00:00,2024-11-13 15:00:00+00:00,Coastal Pad,Lyra-2,27.0,50.5,13.9,65.4,17.6,1,6.0,0,0,2024-11-13 22:00:00+00:00
SIM-0954,2024-11-14 00:00:00+00:00,2024-11-13 23:00:00+00:00,Inland Pad,Vela-3,18.5,43.1,23.5,22.2,37.7,0,,1,1,2024-11-14 06:00:00+00:00
SIM-0955,2024-11-14 08:00:00+00:00,2024-11-14 07:00:00+00:00,Inland Pad,Vela-3,14.7,79.5,28.0,63.6,18.8,0,9.0,0,0,2024-11-14 14:00:00+00:00
SIM-0956,2024-11-14 16:00:00+00:00,2024-11-14 15:00:00+00:00,Inland Pad,Vela-3,5.3,0.0,21.1,20.7,26.9,0,1.0,0,0,2024-11-14 22:00:00+00:00
SIM-0957,2024-11-15 00:00:00+00:00,2024-11-14 23:00:00+00:00,Inland Pad,Vela-3,21.0,28.7,18.8,53.9,,0,13.0,0,0,2024-11-15 06:00:00+00:00
SIM-0958,2024-11-15 08:00:00+00:00,2024-11-15 07:00:00+00:00,Coastal Pad,Aster-1,34.7,0.7,0.0,36.5,19.2,0,8.0,0,0,2024-11-15 14:00:00+00:00
SIM-0959,2024-11-15 16:00:00+00:00,2024-11-15 15:00:00+00:00,Coastal Pad,Lyra-2,20.9,41.7,41.1,42.0,24.7,0,72.6,0,1,2024-11-15 22:00:00+00:00
SIM-0960,2024-11-16 00:00:00+00:00,2024-11-15 23:00:00+00:00,Inland Pad,Aster-1,33.7,35.5,18.5,43.9,27.4,0,57.0,0,1,2024-11-16 06:00:00+00:00
